,band,instrument,mjd,magpsf,sigmamagpsf
0,ZTF_g,P48+ZTF,58326.1889468,99,99
1,ZTF_r,P48+ZTF,58219.5157176,99,99
2,ZTF_g,P48+ZTF,58541.4219213,99,99
3,ZTF_i,P48+ZTF,58302.1787963,99,99
4,ZTF_g,P48+ZTF,58560.5054745,99,99
5,ZTF_g,P48+ZTF,58246.360787,99,99
6,ZTF_r,P48+ZTF,58371.1847569,99,99
7,ZTF_g,P48+ZTF,58583.3993866,99,99
8,ZTF_r,P48+ZTF,58276.3129514,99,99
9,ZTF_g,P48+ZTF,58319.1693403,99,99
10,ZTF_r,P48+ZTF,58246.382338,99,99
11,ZTF_g,P48+ZTF,58540.4571181,99,99
12,ZTF_r,P48+ZTF,58671.1915509,18.0690880305912,0.013596821025827
13,ZTF_r,P48+ZTF,58367.2076273,99,99
14,ZTF_g,P48+ZTF,58569.4576852,99,99
15,ZTF_r,P48+ZTF,58326.293287,99,99
16,ZTF_r,P48+ZTF,58369.143044,99,99
17,ZTF_r,P48+ZTF,58298.2760185,99,99
18,ZTF_g,P48+ZTF,58281.2732176,99,99
19,ZTF_r,P48+ZTF,58257.2949653,99,99
20,ZTF_r,P48+ZTF,58222.3878472,99,99
21,ZTF_g,P48+ZTF,58247.317037,99,99
22,ZTF_g,P48+ZTF,58299.1898148,99,99
23,ZTF_g,P48+ZTF,58281.2563426,99,99
24,ZTF_i,P48+ZTF,59009.3165394,18.7494946816278,0.052637762204516
25,ZTF_r,P48+ZTF,58273.3625116,99,99
26,ZTF_g,P48+ZTF,58274.2907523,99,99
27,ZTF_r,P48+ZTF,58694.2087269,18.0781454398711,0.012873475155589
28,ZTF_g,P48+ZTF,58262.4352315,99,99
29,ZTF_r,P48+ZTF,58324.2101505,99,99
30,ZTF_g,P48+ZTF,58278.3587963,99,99
31,ZTF_g,P48+ZTF,58331.2700694,99,99
32,ZTF_g,P48+ZTF,58314.316169,99,99
33,ZTF_r,P48+ZTF,58278.2941319,99,99
34,ZTF_g,P48+ZTF,58272.2528125,99,99
35,ZTF_g,P48+ZTF,58567.5019907,99,99
36,ZTF_r,P48+ZTF,58299.3804051,99,99
37,ZTF_r,P48+ZTF,58299.3552315,99,99
38,ZTF_r,P48+ZTF,58333.1615741,99,99
39,ZTF_g,P48+ZTF,58255.4172917,99,99
40,ZTF_g,P48+ZTF,58324.2941088,99,99
41,ZTF_r,P48+ZTF,58222.475463,99,99
42,ZTF_r,P48+ZTF,58315.3161921,99,99
43,ZTF_g,P48+ZTF,58279.3398843,99,99
44,ZTF_g,P48+ZTF,58547.4045486,99,99
45,ZTF_r,P48+ZTF,58632.3015509,18.657524762577,0.024579249647471
46,ZTF_g,P48+ZTF,58368.1916435,99,99
47,ZTF_r,P48+ZTF,58637.3346991,18.5195964300859,0.015059379715235
48,ZTF_r,P48+ZTF,58511.5460185,99,99
49,ZTF_g,P48+ZTF,58675.3543056,18.3000168930721,0.016326547624598
50,ZTF_g,P48+ZTF,58641.1954977,18.4491106554944,0.020005135466301
51,ZTF_i,P48+ZTF,58648.3070949,18.2320625368774,0.030550048390479
52,ZTF_g,P48+ZTF,58378.208044,99,99
53,ZTF_r,P48+ZTF,58700.1730556,18.0083035952341,0.010134910139413
54,ZTF_i,P48+ZTF,58690.3285995,17.9654970740608,0.016258848440067
55,ZTF_r,P48+ZTF,58638.310625,18.5292882457445,0.015371534110156
56,ZTF_i,P48+ZTF,58703.163669,17.9051581850576,0.022341253792586
57,ZTF_g,P48+ZTF,58638.3525926,18.5861697648817,0.015148315223035
58,ZTF_r,P48+ZTF,58360.2196065,99,99
59,ZTF_i,P48+ZTF,58710.2327083,17.8401523757331,0.028532933888381
60,ZTF_r,P48+ZTF,58327.2935069,99,99
61,ZTF_g,P48+ZTF,58708.3500347,18.2224823520667,0.056678756289075
62,ZTF_r,P48+ZTF,58660.2474884,18.1332067091207,0.010745492806689
63,ZTF_r,P48+ZTF,58666.252963,18.1641771909523,0.012150525022615
64,ZTF_g,P48+ZTF,58389.1303935,99,99
65,ZTF_g,P48+ZTF,58734.1862153,18.517477597648,0.040550780908682
66,ZTF_g,P48+ZTF,58386.1498727,99,99
67,ZTF_g,P48+ZTF,58666.2137153,18.278465614878,0.010929676961227
68,ZTF_i,P48+ZTF,58644.2364699,18.3149134449757,0.028830961237357
69,ZTF_r,P48+ZTF,58353.2697569,99,99
70,ZTF_r,P48+ZTF,58371.1490625,99,99
71,ZTF_g,P48+ZTF,58696.2603819,18.2033732328152,0.01139621589335
72,ZTF_r,P48+ZTF,58618.3364931,19.1442758005658,0.076425806181463
73,ZTF_g,P48+ZTF,58390.1242593,99,99
74,ZTF_g,P48+ZTF,58381.2108796,99,99
75,ZTF_g,P48+ZTF,58572.4850231,99,99
76,ZTF_g,P48+ZTF,58666.2128009,18.241319392991,0.011686799020631
77,ZTF_r,P48+ZTF,58303.3524421,99,99
78,ZTF_g,P48+ZTF,58561.5229861,99,99
79,ZTF_r,P48+ZTF,58572.4751042,99,99
80,ZTF_g,P48+ZTF,58558.4419792,99,99
81,ZTF_g,P48+ZTF,58244.4216204,99,99
82,ZTF_g,P48+ZTF,58575.5234259,99,99
83,ZTF_i,P48+ZTF,58348.1839583,99,99
84,ZTF_r,P48+ZTF,58503.5119676,99,99
85,ZTF_r,P48+ZTF,58587.3803704,99,99
86,ZTF_r,P48+ZTF,58628.3772454,18.7703770998475,0.024608688994931
87,ZTF_g,P48+ZTF,58711.1488079,18.1617855861007,0.023700161212735
88,ZTF_r,P48+ZTF,58557.4351505,99,99
89,ZTF_r,P48+ZTF,58311.1919676,99,99
90,ZTF_g,P48+ZTF,58236.3087384,99,99
91,ZTF_g,P48+ZTF,58740.1215972,18.5436929985457,0.048514865103113
92,ZTF_g,P48+ZTF,58758.1289468,18.7333823479686,0.028174802994618
93,ZTF_g,P48+ZTF,58289.3800463,99,99
94,ZTF_r,P48+ZTF,58568.5013889,99,99
95,ZTF_r,P48+ZTF,58219.4065625,99,99
96,ZTF_r,P48+ZTF,58593.3368519,99,99
97,ZTF_g,P48+ZTF,58684.2120833,18.3020181927308,0.01438328699454
98,ZTF_r,P48+ZTF,58608.4945255,20.4894042496499,0.133988117996359
99,ZTF_r,P48+ZTF,58655.3168287,18.3517285343462,0.034507590162507
100,ZTF_r,P48+ZTF,58606.3095255,20.5128237073623,0.147238075209312
101,ZTF_r,P48+ZTF,58651.3514468,18.2887303087961,0.038627836340332
102,ZTF_r,P48+ZTF,58646.2460764,18.3825661319795,0.034132557534296
103,ZTF_r,P48+ZTF,58280.3506366,99,99
104,ZTF_r,P48+ZTF,58324.2110764,99,99
105,ZTF_r,P48+ZTF,58282.3378704,99,99
106,ZTF_r,P48+ZTF,58257.3994444,99,99
107,ZTF_r,P48+ZTF,58282.3157292,99,99
108,ZTF_r,P48+ZTF,58281.3730787,99,99
109,ZTF_g,P48+ZTF,58324.2915162,99,99
110,ZTF_r,P48+ZTF,58255.2959722,99,99
111,ZTF_g,P48+ZTF,58574.5039815,99,99
112,ZTF_g,P48+ZTF,58281.383287,99,99
113,ZTF_r,P48+ZTF,58650.2937616,18.1953477716354,0.028689897580737
114,ZTF_r,P48+ZTF,58321.2527662,99,99
115,ZTF_r,P48+ZTF,58217.482963,99,99
116,ZTF_r,P48+ZTF,58647.2551273,18.2849125182327,0.021626629259782
117,ZTF_g,P48+ZTF,58580.4398727,99,99
118,ZTF_r,P48+ZTF,58275.336794,99,99
119,ZTF_r,P48+ZTF,58351.1657755,99,99
120,ZTF_r,P48+ZTF,58323.2243866,99,99
121,ZTF_g,P48+ZTF,58236.4620023,99,99
122,ZTF_g,P48+ZTF,58541.4603009,99,99
123,ZTF_r,P48+ZTF,58356.2540741,99,99
124,ZTF_g,P48+ZTF,58327.1889005,99,99
125,ZTF_g,P48+ZTF,58249.3958102,99,99
126,ZTF_g,P48+ZTF,58727.1510764,18.3461530053437,0.01392534092449
127,ZTF_g,P48+ZTF,58781.1121644,18.8522755927668,0.068362301389494
128,ZTF_g,P48+ZTF,58277.3564815,99,99
129,ZTF_r,P48+ZTF,58682.289294,18.2388518960032,0.024945146420101
130,ZTF_g,P48+ZTF,58361.1507176,99,99
131,ZTF_r,P48+ZTF,58582.4039352,99,99
132,ZTF_r,P48+ZTF,58349.2496528,99,99
133,ZTF_r,P48+ZTF,58357.2859722,99,99
134,ZTF_r,P48+ZTF,58560.4579745,99,99
135,ZTF_r,P48+ZTF,58556.5059028,99,99
136,ZTF_r,P48+ZTF,58367.1658102,99,99
137,ZTF_g,P48+ZTF,58654.2754745,18.3270098819939,0.029180529666001
138,ZTF_g,P48+ZTF,58511.5048727,99,99
139,ZTF_r,P48+ZTF,58713.2361458,18.034517395547,0.039305365917203
140,ZTF_g,P48+ZTF,58582.3955324,99,99
141,ZTF_g,P48+ZTF,58378.171794,99,99
142,ZTF_r,P48+ZTF,58351.1859954,99,99
143,ZTF_g,P48+ZTF,58632.3375579,18.6331618740167,0.015597098186461
144,ZTF_i,P48+ZTF,59028.3146412,18.8248379003263,0.040394455820226
145,ZTF_r,P48+ZTF,58669.3165625,18.1287184883768,0.011736736202098
146,ZTF_r,P48+ZTF,58781.0906713,18.6560954274839,0.074690513179051
147,ZTF_r,P48+ZTF,58635.3790972,18.5826660156935,0.013706049375778
148,ZTF_r,P48+ZTF,58681.2790278,18.1269789852378,0.026253414486318
149,ZTF_g,P48+ZTF,58365.2133333,99,99
150,ZTF_i,P48+ZTF,58725.2294097,17.934222762865,0.018667375143345
151,ZTF_g,P48+ZTF,58360.1650347,99,99
152,ZTF_g,P48+ZTF,58366.1970139,99,99
153,ZTF_g,P48+ZTF,58378.1496528,99,99
154,ZTF_r,P48+ZTF,58617.3586574,19.3228818904429,0.050480953273664
155,ZTF_r,P48+ZTF,58612.4211574,19.7089669501754,0.038945158779013
156,ZTF_g,P48+ZTF,58351.2870139,99,99
157,ZTF_r,P48+ZTF,58725.2375347,18.1707727854172,0.015587973102271
158,ZTF_r,P48+ZTF,58605.4013426,20.5610783108132,0.106715651227962
159,ZTF_r,P48+ZTF,58605.3794097,20.6739461245566,0.140103495271623
160,ZTF_g,P48+ZTF,58373.2063079,99,99
161,ZTF_r,P48+ZTF,58354.2103241,99,99
162,ZTF_i,P48+ZTF,59036.3256829,18.8472994813896,0.055838771559553
163,ZTF_r,P48+ZTF,58632.2739236,18.6479786169654,0.021732426049319
164,ZTF_r,P48+ZTF,58374.1293634,99,99
165,ZTF_g,P48+ZTF,58737.129456,18.5926350112819,0.045625393095192
166,ZTF_r,P48+ZTF,59000.3339931,19.4421316231205,0.085053776960447
167,ZTF_r,P48+ZTF,58327.2740046,99,99
168,ZTF_g,P48+ZTF,58596.4818056,99,99
169,ZTF_i,P48+ZTF,59001.3316898,18.6319578391019,0.032732110431318
170,ZTF g,P48+ZTF,58208.5071875,99,99
171,ZTF_g,P48+ZTF,58572.5013542,99,99
172,ZTF_g,P48+ZTF,58301.299838,99,99
173,ZTF_r,P48+ZTF,58304.3516088,99,99
174,ZTF_g,P48+ZTF,58684.1913657,18.2754936315384,0.011602873645229
175,ZTF_r,P48+ZTF,58711.3109491,18.0565534872707,0.031154033022731
176,ZTF_i,P48+ZTF,58556.5388542,99,99
177,ZTF_r,P48+ZTF,58374.1477083,99,99
178,ZTF_g,P48+ZTF,58320.4042014,99,99
179,ZTF_g,P48+ZTF,58745.1319097,18.6297512138223,0.019083379892606
180,ZTF_i,P48+ZTF,58561.4647454,99,99
181,ZTF_r,P48+ZTF,58684.1728935,18.1004884973021,0.012748726003455
182,ZTF_g,P48+ZTF,58377.2060995,99,99
183,ZTF_g,P48+ZTF,58616.4556597,19.4180649805109,0.02781957312904
184,ZTF_r,P48+ZTF,58377.1504398,99,99
185,ZTF_r,P48+ZTF,58356.2484838,99,99
186,ZTF_r,P48+ZTF,58556.5068171,99,99
187,ZTF_g,P48+ZTF,58703.1986458,18.1882209875899,0.020630277898253
188,ZTF_r,P48+ZTF,58368.1497801,99,99
189,ZTF_g,P48+ZTF,58742.1456829,18.5974130728885,0.047353902118422
190,ZTF_r,P48+ZTF,58697.1576736,17.9880308767673,0.015410083619412
191,ZTF_r,P48+ZTF,58368.1319792,99,99
192,ZTF_g,P48+ZTF,58635.4200694,18.6109842482432,0.014120492621739
193,ZTF_g,P48+ZTF,58691.3104745,18.2609274624751,0.011844267723483
194,ZTF_i,P48+ZTF,58679.2546528,18.011134659053,0.019648546659501
195,ZTF_g,P48+ZTF,58360.1390278,99,99
196,ZTF_r,P48+ZTF,58585.4241204,99,99
197,ZTF_i,P48+ZTF,58596.3803472,99,99
198,ZTF_g,P48+ZTF,58616.4630787,19.4451946345946,0.028876142703301
199,ZTF_r,P48+ZTF,58353.16875,99,99
200,ZTF_r,P48+ZTF,58371.1303588,99,99
201,ZTF_g,P48+ZTF,58318.3955556,99,99
202,ZTF_r,P48+ZTF,58724.1643287,18.1392275191825,0.012027908570802
203,ZTF_i,P48+ZTF,59080.2476852,19.0487503683641,0.052911803409373
204,ZTF_r,P48+ZTF,58361.2566551,99,99
205,ZTF_r,P48+ZTF,58635.358125,18.578689290701,0.016317150390768
206,ZTF_r,P48+ZTF,58607.3783449,20.1839808425895,0.073420739108563
207,ZTF_r,P48+ZTF,58597.401169,99,99
208,ZTF_g,P48+ZTF,58235.4773148,99,99
209,ZTF_r,P48+ZTF,58302.335463,99,99
210,ZTF_i,P48+ZTF,59059.2527315,19.0239355374928,0.059216501292041
211,ZTF_g,P48+ZTF,58539.4749421,99,99
212,ZTF_g,P48+ZTF,58326.1658333,99,99
213,ZTF_r,P48+ZTF,58219.4465972,99,99
214,ZTF_g,P48+ZTF,58249.3589583,99,99
215,ZTF_g,P48+ZTF,58313.3542708,99,99
216,ZTF_r,P48+ZTF,58714.1457407,18.0229121351024,0.014732002278826
217,ZTF_r,P48+ZTF,58216.3783218,99,99
218,ZTF_g,P48+ZTF,58277.3156713,99,99
219,ZTF_g,P48+ZTF,58585.3890046,99,99
220,ZTF_g,P48+ZTF,58235.4782986,99,99
221,ZTF_r,P48+ZTF,58278.2742593,99,99
222,ZTF_r,P48+ZTF,58218.4503356,99,99
223,ZTF_r,P48+ZTF,58277.3788194,99,99
224,ZTF_r,P48+ZTF,58218.481875,99,99
225,ZTF_g,P48+ZTF,58660.1730208,18.2578836518794,0.025397509079165
226,ZTF_r,P48+ZTF,58644.3137153,18.3259354557058,0.016096112181893
227,ZTF_g,P48+ZTF,58660.2034259,18.3128925868172,0.011672117911146
228,ZTF_r,P48+ZTF,58641.2942014,18.4066212480784,0.012727830220022
229,ZTF_r,P48+ZTF,58572.4339468,99,99
230,ZTF_g,P48+ZTF,58599.2523843,21.4641751988413,0.172457610184376
231,ZTF_g,P48+ZTF,58586.4584954,99,99
232,ZTF_r,P48+ZTF,58740.2639815,18.4007245550281,0.075815678821659
233,ZTF_r,P48+ZTF,58597.4284838,99,99
234,ZTF_r,P48+ZTF,58641.3326389,18.4343293742494,0.012702411674851
235,ZTF_r,P48+ZTF,58561.4346644,99,99
236,ZTF_r,P48+ZTF,58740.2630787,18.3313106149996,0.065867470155617
237,ZTF_g,P48+ZTF,58608.4031713,20.1936138236146,0.069332711913599
238,ZTF_g,P48+ZTF,58645.407963,18.3402623978567,0.012755791429825
239,ZTF_r,P48+ZTF,58638.288287,18.4650330206852,0.01410525388716
240,ZTF_r,P48+ZTF,58669.3280903,18.1371873228692,0.01046058547497
241,ZTF_r,P48+ZTF,58646.2513079,18.2994461051882,0.019036700485323
242,ZTF_r,P48+ZTF,58644.2973958,18.2715032816669,0.016287496783241
243,ZTF_i,P48+ZTF,59053.2529051,18.8538188605086,0.032208322985989
244,ZTF_r,P48+ZTF,58608.3591319,20.0402124485418,0.092534056636458
245,ZTF_g,P48+ZTF,58618.4640509,99,99
246,ZTF_g,P48+ZTF,58727.1492593,18.4120958570319,0.016760115176968
247,ZTF_g,P48+ZTF,58647.3385995,18.3399996061093,0.023510032844298
248,ZTF_i,P48+ZTF,59041.1712616,18.8643406977954,0.048490373246502
249,ZTF_i,P48+ZTF,58675.2184954,17.977391468661,0.019153187172174
250,ZTF_g,P48+ZTF,58721.1536227,99,99
251,ZTF_i,P48+ZTF,58719.163125,17.9506739369216,0.018249078586984
252,ZTF_g,P48+ZTF,58643.4266782,18.4806905747024,0.018244955468802
253,ZTF_g,P48+ZTF,58637.2663079,18.5609861016808,0.014820036560884
254,ZTF_g,P48+ZTF,58638.3517014,18.5284467119217,0.014589508129166
255,ZTF_r,P48+ZTF,58645.3146065,18.316052745638,0.018374560380908
256,ZTF_r,P48+ZTF,58678.2132986,18.1440888764138,0.020730627759105
257,ZTF_r,P48+ZTF,58605.4004282,20.5093113853941,0.102443555470728
258,ZTF_i,P48+ZTF,59045.3078241,18.8706688060302,0.038392747303381
259,ZTF_i,P48+ZTF,58633.2830556,18.5712675146048,0.034517118179444
260,ZTF_g,P48+ZTF,58643.333287,18.4409055593444,0.015741852031428
261,ZTF_g,P48+ZTF,58569.400463,99,99
262,ZTF_r,P48+ZTF,58582.4487269,99,99
263,ZTF_g,P48+ZTF,58741.1302083,18.5406787357572,0.035372809026433
264,ZTF_i,P48+ZTF,58586.5052662,99,99
265,ZTF_i,P48+ZTF,59015.372581,18.7908711766807,0.031047566889927
266,ZTF_r,P48+ZTF,58575.4759028,99,99
267,ZTF_g,P48+ZTF,58584.4508218,99,99
268,ZTF_r,P48+ZTF,58569.481794,99,99
269,ZTF_r,P48+ZTF,58663.3172338,18.1435678692774,0.013062018615118
270,ZTF_g,P48+ZTF,58658.2168981,18.2860854539368,0.012636982919174
271,ZTF_r,P48+ZTF,58663.3039005,18.103553300134,0.010975647672821
272,ZTF_r,P48+ZTF,58795.0777431,18.5236440896718,0.051146098214372
273,ZTF_g,P48+ZTF,58646.3185301,18.3681615319396,0.025756700543178
274,ZTF_g,P48+ZTF,58657.2373727,18.3043636454431,0.0134555271035
275,ZTF_g,P48+ZTF,58733.1693519,18.4730587202389,0.026550029822446
276,ZTF_i,P48+ZTF,58616.3191088,19.3414065707707,0.063880518652094
277,ZTF_r,P48+ZTF,58587.4147338,99,99
278,ZTF_r,P48+ZTF,58581.4017014,99,99
279,ZTF_r,P48+ZTF,58580.4628472,99,99
280,ZTF_g,P48+ZTF,58573.4686806,99,99
281,ZTF_i,P48+ZTF,58751.1200347,18.193515954278,0.032491640584044
282,ZTF_i,P48+ZTF,59005.3648843,99,99
283,ZTF_g,P48+ZTF,58641.2112384,18.5336343229152,0.020592935761118
284,ZTF_g,P48+ZTF,58647.3695602,18.3975275102898,0.026396527620149
285,ZTF_g,P48+ZTF,58718.1508796,18.3032397750985,0.014949124672063
286,ZTF_g,P48+ZTF,58665.2132523,18.2859283557162,0.01139018132633
287,ZTF_r,P48+ZTF,58573.4403588,99,99
288,ZTF_g,P48+ZTF,58587.4828009,99,99
289,ZTF_g,P48+ZTF,58705.2540741,18.1142832872629,0.020064231682496
290,ZTF_g,P48+ZTF,58691.2275231,18.2320287424395,0.010967142686883
291,ZTF_g,P48+ZTF,58666.2345949,18.3078728017739,0.012372553939251
292,ZTF_r,P48+ZTF,58584.3984028,99,99
293,ZTF_g,P48+ZTF,58709.1699769,18.2084200983032,0.024777532533372
294,ZTF_g,P48+ZTF,58657.2350694,18.3059935243841,0.013664527059685
295,ZTF_r,P48+ZTF,58540.5472338,99,99
296,ZTF_g,P48+ZTF,58681.1856019,18.2253938663148,0.031738751588222
297,ZTF_r,P48+ZTF,58775.1026042,18.5002303813793,0.024103693232916
298,ZTF_g,P48+ZTF,58727.1702778,18.423329876784,0.015275421347161
299,ZTF_g,P48+ZTF,58639.2565046,18.4730790407999,0.01465854902532
300,ZTF_g,P48+ZTF,58697.2069676,18.2072903997461,0.011282750046429
301,ZTF_r,P48+ZTF,58666.2538542,18.1893486024027,0.012186928780736
302,ZTF_g,P48+ZTF,58598.4440278,99,99
303,ZTF_g,P48+ZTF,58572.4841204,99,99
304,ZTF_r,P48+ZTF,58654.2123264,18.2123754815269,0.013560370799453
305,ZTF_i,P48+ZTF,58652.2564236,18.1928010010693,0.03545752393197
306,ZTF_r,P48+ZTF,58642.2449769,18.3599665246227,0.013496334940109
307,ZTF_r,P48+ZTF,58657.3823495,18.2314389399334,0.020085506501845
308,ZTF_r,P48+ZTF,58761.1200116,18.5042384203607,0.025793255876078
309,ZTF_i,P48+ZTF,58640.2980208,18.3566607355019,0.023118290549215
310,ZTF_g,P48+ZTF,58701.2083218,99,99
311,ZTF_r,P48+ZTF,58596.4168403,99,99
312,ZTF_r,P48+ZTF,58580.4805903,99,99
313,ZTF_r,P48+ZTF,58663.3025116,18.1637103924375,0.012884367445411
314,ZTF_i,P48+ZTF,58663.1844676,18.0807406807619,0.022343659653773
315,ZTF_g,P48+ZTF,58600.39875,21.1410806069293,0.143374553696419
316,ZTF_g,P48+ZTF,58572.5217708,99,99
317,ZTF_r,P48+ZTF,58574.330162,99,99
318,ZTF_r,P48+ZTF,58294.3097106,99,99
319,ZTF_g,P48+ZTF,58764.1999769,18.6637674741285,0.068055514034497
320,ZTF_r,P48+ZTF,58388.221713,99,99
321,ZTF_g,P48+ZTF,58386.1251968,99,99
322,ZTF_r,P48+ZTF,58387.1445718,99,99
323,ZTF_r,P48+ZTF,58362.1529514,99,99
324,ZTF_i,P48+ZTF,58986.333912,18.5859403866756,0.026040142827134
325,ZTF_r,P48+ZTF,58384.1511806,99,99
326,ZTF_g,P48+ZTF,58249.3534259,99,99
327,ZTF_i,P48+ZTF,58278.1822917,99,99
328,ZTF_r,P48+ZTF,58355.2529282,99,99
329,ZTF_g,P48+ZTF,58574.3770833,99,99
330,ZTF_g,P48+ZTF,58361.1851852,99,99
331,ZTF_g,P48+ZTF,58374.2456366,99,99
332,ZTF_g,P48+ZTF,58381.1702662,99,99
333,ZTF_g,P48+ZTF,58352.1902546,99,99
334,ZTF_r,P48+ZTF,58359.2473843,99,99
335,ZTF_r,P48+ZTF,58377.1446991,99,99
336,ZTF_g,P48+ZTF,58386.1120255,99,99
337,ZTF_g,P48+ZTF,58383.2116088,99,99
338,ZTF_r,P48+ZTF,58389.1114699,99,99
339,ZTF_g,P48+ZTF,58375.2131134,99,99
340,ZTF_g,P48+ZTF,58380.172662,99,99
341,ZTF_r,P48+ZTF,58390.2218287,99,99
342,ZTF_g,P48+ZTF,58386.1422569,99,99
343,ZTF_g,P48+ZTF,58289.3995255,99,99
344,ZTF_g,P48+ZTF,58371.2049769,99,99
345,ZTF_r,P48+ZTF,58289.2689815,99,99
346,ZTF_r,P48+ZTF,58375.1720833,99,99
347,ZTF_r,P48+ZTF,58350.1932176,99,99
348,ZTF_r,P48+ZTF,58290.3724537,99,99
349,ZTF_g,P48+ZTF,58311.2537269,99,99
350,ZTF_g,P48+ZTF,58556.4448958,99,99
351,ZTF_g,P48+ZTF,58557.4570139,99,99
352,ZTF_g,P48+ZTF,58235.3790972,99,99
353,ZTF g,P48+ZTF,58210.4850463,99,99
354,ZTF g,P48+ZTF,58210.4485301,99,99
355,ZTF_r,P48+ZTF,58543.4766898,99,99
356,ZTF g,P48+ZTF,58211.4223611,99,99
357,ZTF_r,P48+ZTF,58572.4760185,99,99
358,ZTF_g,P48+ZTF,58320.1895949,99,99
359,ZTF_g,P48+ZTF,58385.1302315,99,99
360,ZTF_g,P48+ZTF,58389.1294792,99,99
361,ZTF_r,P48+ZTF,58385.1905787,99,99
362,ZTF_r,P48+ZTF,58353.2478819,99,99
363,ZTF_g,P48+ZTF,58369.2466435,99,99
364,ZTF_r,P48+ZTF,58353.2464699,99,99
365,ZTF_r,P48+ZTF,58382.1138079,99,99
366,ZTF_r,P48+ZTF,58383.1513657,99,99
367,ZTF_r,P48+ZTF,58383.1323843,99,99
368,ZTF_r,P48+ZTF,58385.2103935,99,99
369,ZTF_g,P48+ZTF,58397.0993403,99,99
370,ZTF_r,P48+ZTF,58575.4189583,99,99
371,ZTF_g,P48+ZTF,58319.1898264,99,99
372,ZTF_g,P48+ZTF,58350.2498611,99,99
373,ZTF_g,P48+ZTF,58540.4979282,99,99
374,ZTF_r,P48+ZTF,58386.1967245,99,99
375,ZTF g,P48+ZTF,58210.4631481,99,99
376,ZTF_r,P48+ZTF,58354.2495949,99,99
377,ZTF_g,P48+ZTF,58383.2068403,99,99
378,ZTF_r,P48+ZTF,58352.2575579,99,99
379,ZTF_r,P48+ZTF,58386.214919,99,99
380,ZTF_g,P48+ZTF,58304.3111921,99,99
381,ZTF_g,P48+ZTF,58311.3259606,99,99
382,ZTF_g,P48+ZTF,58227.3364005,99,99
383,ZTF_r,P48+ZTF,58383.1123611,99,99
384,ZTF_r,P48+ZTF,58541.5018634,99,99
385,ZTF_g,P48+ZTF,58543.5266319,99,99
386,ZTF_g,P48+ZTF,58380.117662,99,99
387,ZTF_g,P48+ZTF,58301.2751273,99,99
388,ZTF_r,P48+ZTF,58360.2345949,99,99
389,ZTF_g,P48+ZTF,58384.2375231,99,99
390,ZTF_g,P48+ZTF,58365.2142477,99,99
391,ZTF_g,P48+ZTF,58364.2146875,99,99
392,ZTF_r,P48+ZTF,58326.3330556,99,99
393,ZTF_g,P48+ZTF,58382.2214815,99,99
394,ZTF_g,P48+ZTF,58323.3656481,99,99
395,ZTF_g,P48+ZTF,58377.2444907,99,99
396,ZTF_g,P48+ZTF,58382.2058681,99,99
397,ZTF_r,P48+ZTF,58543.4757755,99,99
398,ZTF_g,P48+ZTF,58390.1317477,99,99
399,ZTF_r,P48+ZTF,58385.1863079,99,99
400,ZTF_r,P48+ZTF,58561.417037,99,99
401,ZTF_r,P48+ZTF,58289.2459375,99,99
402,ZTF_r,P48+ZTF,58308.3374769,99,99
403,ZTF_r,P48+ZTF,58217.4254051,99,99
404,ZTF_i,P48+ZTF,58228.505081,99,99
405,ZTF_r,P48+ZTF,58287.2746296,99,99
406,ZTF_g,P48+ZTF,58340.3242708,99,99
407,ZTF_g,P48+ZTF,58269.3142708,99,99
408,ZTF_g,P48+ZTF,58322.1677083,99,99
409,ZTF_g,P48+ZTF,58313.316875,99,99
410,ZTF_r,P48+ZTF,58217.4118287,99,99
411,ZTF_r,P48+ZTF,58328.2941319,99,99
412,ZTF_r,P48+ZTF,58230.4601042,99,99
413,ZTF_r,P48+ZTF,58288.3159144,99,99
414,ZTF_r,P48+ZTF,58272.3333912,99,99
415,ZTF_r,P48+ZTF,58299.3533218,99,99
416,ZTF_g,P48+ZTF,58282.2753356,99,99
417,ZTF_g,P48+ZTF,58255.3767593,99,99
418,ZTF_g,P48+ZTF,58258.3147801,99,99
419,ZTF_g,P48+ZTF,58259.4150347,99,99
420,ZTF_r,P48+ZTF,58281.3168287,99,99
421,ZTF_i,P48+ZTF,58267.2563079,99,99
422,ZTF_g,P48+ZTF,58333.1718519,99,99
423,ZTF_r,P48+ZTF,58286.295,99,99
424,ZTF_r,P48+ZTF,58218.3899769,99,99
425,ZTF_g,P48+ZTF,58234.4792593,99,99
426,ZTF_g,P48+ZTF,58252.4230093,99,99
427,ZTF_g,P48+ZTF,58332.1904861,99,99
428,ZTF_r,P48+ZTF,58226.4202662,99,99
429,ZTF_g,P48+ZTF,58282.3797222,99,99
430,ZTF_r,P48+ZTF,58281.3516435,99,99
431,ZTF_r,P48+ZTF,58216.4031829,99,99
432,ZTF_r,P48+ZTF,58217.5032523,99,99
433,ZTF_g,P48+ZTF,58305.2113426,99,99
434,ZTF_r,P48+ZTF,58226.4789005,99,99
435,ZTF_r,P48+ZTF,58258.4200116,99,99
436,ZTF_g,P48+ZTF,58298.1912384,99,99
437,ZTF_r,P48+ZTF,58232.3816319,99,99
438,ZTF_r,P48+ZTF,58258.3955208,99,99
439,ZTF_g,P48+ZTF,58273.3072454,99,99
440,ZTF_r,P48+ZTF,58279.3847917,99,99
441,ZTF_g,P48+ZTF,58258.3372106,99,99
442,ZTF_r,P48+ZTF,58329.298912,99,99
443,ZTF_r,P48+ZTF,58282.2952662,99,99
444,ZTF_r,P48+ZTF,58331.1687731,99,99
445,ZTF_r,P48+ZTF,58285.3937269,99,99
446,ZTF_r,P48+ZTF,58280.3365162,99,99
447,ZTF_g,P48+ZTF,58306.354213,99,99
448,ZTF_r,P48+ZTF,58232.4009606,99,99
449,ZTF_g,P48+ZTF,58314.3330787,99,99
450,ZTF_g,P48+ZTF,58254.4002315,99,99
451,ZTF_r,P48+ZTF,58343.1643056,99,99
452,ZTF_g,P48+ZTF,58278.3373958,99,99
453,ZTF_r,P48+ZTF,58284.3138889,99,99
454,ZTF_r,P48+ZTF,58288.2909722,99,99
455,ZTF_g,P48+ZTF,58332.2104282,99,99
456,ZTF_r,P48+ZTF,58275.3391435,99,99
457,ZTF_i,P48+ZTF,58272.3579514,99,99
458,ZTF_r,P48+ZTF,58288.2976736,99,99
459,ZTF_g,P48+ZTF,58266.3996065,99,99
460,ZTF_g,P48+ZTF,58274.38125,99,99
461,ZTF_g,P48+ZTF,58299.2123958,99,99
462,ZTF_g,P48+ZTF,58640.3350231,18.4616263455251,0.011696075266319
463,ZTF_i,P48+ZTF,58312.1765394,99,99
464,ZTF_r,P48+ZTF,58577.4565046,99,99
465,ZTF_r,P48+ZTF,58217.4471759,99,99
466,ZTF_r,P48+ZTF,58285.2945718,99,99
467,ZTF_r,P48+ZTF,58285.3281481,99,99
468,ZTF_r,P48+ZTF,58222.4502431,99,99
469,ZTF_r,P48+ZTF,58224.4467824,99,99
470,ZTF_i,P48+ZTF,59093.2382407,19.0616131593262,0.075164992152396
471,ZTF_r,P48+ZTF,58229.398125,99,99
472,ZTF_r,P48+ZTF,58298.3126852,99,99
473,ZTF_r,P48+ZTF,58306.2062963,99,99
474,ZTF_g,P48+ZTF,58313.2325347,99,99
475,ZTF_r,P48+ZTF,58313.2076505,99,99
476,ZTF_r,P48+ZTF,58252.3986921,99,99
477,ZTF_r,P48+ZTF,58316.2315856,99,99
478,ZTF_g,P48+ZTF,58296.2258912,99,99
479,ZTF_g,P48+ZTF,58234.4998727,99,99
480,ZTF_r,P48+ZTF,58226.4192708,99,99
481,ZTF_g,P48+ZTF,58229.4825116,99,99
482,ZTF_g,P48+ZTF,58306.2975926,99,99
483,ZTF_g,P48+ZTF,58275.2729861,99,99
484,ZTF_r,P48+ZTF,58219.3823495,99,99
485,ZTF_g,P48+ZTF,58249.3579745,99,99
486,ZTF_g,P48+ZTF,58632.4251389,18.6581162722429,0.019148288798179
487,ZTF_r,P48+ZTF,58326.2733912,99,99
488,ZTF_r,P48+ZTF,58316.2522917,99,99
489,ZTF_g,P48+ZTF,58370.2143981,99,99
490,ZTF_g,P48+ZTF,58618.4412384,19.0865459373828,0.154032500088044
491,ZTF_r,P48+ZTF,58388.1736227,99,99
492,ZTF_r,P48+ZTF,58284.2927546,99,99
493,ZTF_i,P48+ZTF,58331.3281481,99,99
494,ZTF_r,P48+ZTF,58586.4890856,99,99
495,ZTF_g,P48+ZTF,58365.2325347,99,99
496,ZTF_i,P48+ZTF,58344.3261574,99,99
497,ZTF_g,P48+ZTF,58732.1691435,18.5005633384441,0.025002822676226
498,ZTF_r,P48+ZTF,58646.276713,18.3307030090044,0.023907531935878
499,ZTF_g,P48+ZTF,58374.2129977,99,99
500,ZTF_g,P48+ZTF,58377.2070139,99,99
501,ZTF_g,P48+ZTF,58541.4572917,99,99
502,ZTF_i,P48+ZTF,59072.2597917,18.8975110706568,0.039617454685181
503,ZTF_r,P48+ZTF,58328.3332986,99,99
504,ZTF_g,P48+ZTF,58708.1516782,18.1152572046736,0.026714787753411
505,ZTF_g,P48+ZTF,58359.1527083,99,99
506,ZTF_r,P48+ZTF,58303.2989005,99,99
507,ZTF_r,P48+ZTF,58314.1894213,99,99
508,ZTF_g,P48+ZTF,58368.1925579,99,99
509,ZTF_g,P48+ZTF,58685.1688889,18.2569954545286,0.017143081891873
510,ZTF_r,P48+ZTF,58279.2797106,99,99
511,ZTF_r,P48+ZTF,58357.1754977,99,99
512,ZTF_r,P48+ZTF,58255.4584722,99,99
513,ZTF_r,P48+ZTF,58567.5234838,99,99
514,ZTF_g,P48+ZTF,58362.1906944,99,99
515,ZTF_r,P48+ZTF,58378.1447106,99,99
516,ZTF_r,P48+ZTF,58318.2699884,99,99
517,ZTF_r,P48+ZTF,58657.3428588,18.2382663409072,0.016323921030139
518,ZTF_g,P48+ZTF,58747.130544,18.6378140033455,0.021911077632142
519,ZTF_r,P48+ZTF,58675.2328588,18.0981965967181,0.016362518367052
520,ZTF_g,P48+ZTF,58690.1909954,18.243435111777,0.011948655329853
521,ZTF_g,P48+ZTF,58283.3118981,99,99
522,ZTF_g,P48+ZTF,58733.2087037,18.4986469355038,0.030570449066127
523,ZTF_r,P48+ZTF,58330.3145139,99,99
524,ZTF_r,P48+ZTF,58350.148044,99,99
525,ZTF_i,P48+ZTF,59049.2674769,18.8249238845468,0.028351448543557
526,ZTF_g,P48+ZTF,58276.3792708,99,99
527,ZTF_r,P48+ZTF,58370.1516319,99,99
528,ZTF_r,P48+ZTF,58572.4549653,99,99
529,ZTF_r,P48+ZTF,58321.2120602,99,99
530,ZTF_r,P48+ZTF,58276.3153819,99,99
531,ZTF_g,P48+ZTF,58246.359838,99,99
532,ZTF_r,P48+ZTF,58244.3532292,99,99
533,ZTF_g,P48+ZTF,58276.359213,99,99
534,ZTF_g,P48+ZTF,58304.2285764,99,99
535,ZTF_r,P48+ZTF,58320.2553241,99,99
536,ZTF_g,P48+ZTF,58320.1857986,99,99
537,ZTF_g,P48+ZTF,58327.1879051,99,99
538,ZTF g,P48+ZTF,58210.4283449,99,99
539,ZTF_r,P48+ZTF,58243.3161227,99,99
540,ZTF_g,P48+ZTF,58314.2499306,99,99
541,ZTF_r,P48+ZTF,58618.233912,19.4939354138605,0.093176791367427
542,ZTF_r,P48+ZTF,58605.4197338,20.6439491810824,0.157298345428609
543,ZTF_g,P48+ZTF,58561.4984144,99,99
544,ZTF_g,P48+ZTF,58616.4843866,19.4046478132618,0.044380495250966
545,ZTF_g,P48+ZTF,58259.3961111,99,99
546,ZTF_g,P48+ZTF,58637.4413426,18.5180103302841,0.014512913737578
547,ZTF_r,P48+ZTF,58556.4321644,99,99
548,ZTF_r,P48+ZTF,58305.3741551,99,99
549,ZTF_r,P48+ZTF,58306.3613426,99,99
550,ZTF_g,P48+ZTF,58589.4232639,99,99
551,ZTF_g,P48+ZTF,58638.3578819,18.5381483142538,0.013941946751056
552,ZTF_g,P48+ZTF,58775.1121528,18.7400065009892,0.028192615966104
553,ZTF_g,P48+ZTF,58697.2055556,18.2206377494232,0.011690001748614
554,ZTF_r,P48+ZTF,58644.2964352,18.3642710635823,0.020756751815038
555,ZTF_r,P48+ZTF,58657.3437731,18.1577044951864,0.018145354409238
556,ZTF_r,P48+ZTF,58568.4855093,99,99
557,ZTF_g,P48+ZTF,58568.420544,99,99
558,ZTF_g,P48+ZTF,58316.3586921,99,99
559,ZTF_g,P48+ZTF,58300.2976042,99,99
560,ZTF_r,P48+ZTF,58257.3772801,99,99
561,ZTF_r,P48+ZTF,58266.3145255,99,99
562,ZTF_r,P48+ZTF,58557.5404861,99,99
563,ZTF_g,P48+ZTF,58307.3172685,99,99
564,ZTF_g,P48+ZTF,58591.2554167,99,99
565,ZTF_g,P48+ZTF,58286.4099884,99,99
566,ZTF_i,P48+ZTF,59084.2153472,19.0602816160679,0.064960963718901
567,ZTF_g,P48+ZTF,58739.1212269,18.5561765309164,0.052383616325053
568,ZTF_g,P48+ZTF,58667.3191319,18.2798758439076,0.011631564187792
569,ZTF_g,P48+ZTF,58580.4417014,99,99
570,ZTF_r,P48+ZTF,58560.4777199,99,99
571,ZTF_i,P48+ZTF,58242.4840856,99,99
572,ZTF_r,P48+ZTF,58700.1740162,18.0184281929209,0.011353158434557
573,ZTF_g,P48+ZTF,58708.171956,18.2310247591864,0.024658295075338
574,ZTF_r,P48+ZTF,58597.3833912,99,99
575,ZTF_g,P48+ZTF,58288.3802199,99,99
576,ZTF_g,P48+ZTF,58229.4815741,99,99
577,ZTF_r,P48+ZTF,58642.2783102,18.3892369781968,0.013089988680725
578,ZTF_g,P48+ZTF,58640.3577546,18.4711747579648,0.014166874422264
579,ZTF_g,P48+ZTF,58617.4429167,19.3985281216448,0.027513362859606
580,ZTF_g,P48+ZTF,58385.1137269,99,99
581,ZTF_g,P48+ZTF,58681.2098727,18.2682429396375,0.034469299568716
582,ZTF_g,P48+ZTF,58645.2484259,18.3670517753493,0.021398676284159
583,ZTF_g,P48+ZTF,58632.3366551,18.6436420848975,0.015585618271669
584,ZTF_i,P48+ZTF,58962.433287,18.585921240758,0.037750671335692
585,ZTF_g,P48+ZTF,58690.276331,18.2293480170381,0.011308999042111
586,ZTF_i,P48+ZTF,59019.2974074,18.8689965786702,0.036543280436455
587,ZTF_r,P48+ZTF,58628.376331,18.7342943004442,0.023784759167726
588,ZTF_i,P48+ZTF,59032.2722222,18.8299108436347,0.04319422939231
589,ZTF_g,P48+ZTF,58574.4146296,99,99
590,ZTF_g,P48+ZTF,58315.3797222,99,99
591,ZTF_r,P48+ZTF,58697.1680324,18.0268562706271,0.010969267462685
592,ZTF_r,P48+ZTF,58257.3748148,99,99
593,ZTF_g,P48+ZTF,58276.3407523,99,99
594,ZTF_r,P48+ZTF,58547.5176968,99,99
595,ZTF_r,P48+ZTF,58599.4242477,99,99
596,ZTF_r,P48+ZTF,58269.3574421,99,99
597,ZTF_r,P48+ZTF,58222.4859722,99,99
598,ZTF_i,P48+ZTF,58568.4670602,99,99
599,ZTF_g,P48+ZTF,58282.3631019,99,99
600,ZTF_r,P48+ZTF,58280.351088,99,99
601,ZTF_g,P48+ZTF,58675.2971644,18.2305380181757,0.019929459760341
602,ZTF_r,P48+ZTF,58294.3092593,99,99
603,ZTF_r,P48+ZTF,58597.4367824,99,99
604,ZTF_g,P48+ZTF,58258.3362963,99,99
605,ZTF_r,P48+ZTF,58639.2975,18.4514088514859,0.017073425045984
606,ZTF_g,P48+ZTF,58743.1448727,18.5987239074846,0.021594255140052
607,ZTF_g,P48+ZTF,58675.3100579,18.294388017452,0.020267951972972
608,ZTF_r,P48+ZTF,58637.315706,18.5079391006105,0.016372629182016
609,ZTF_g,P48+ZTF,58674.1918519,18.2455620759056,0.017659799763845
610,ZTF_r,P48+ZTF,58612.4616551,19.8036910670395,0.042755487143665
611,ZTF_g,P48+ZTF,58647.2163773,18.3696863104871,0.028046229842518
612,ZTF_g,P48+ZTF,58600.3937269,21.3414083254062,0.182775604429015
613,ZTF_r,P48+ZTF,58653.2252894,18.1872605368521,0.022453463912965
614,ZTF_r,P48+ZTF,58560.4768056,99,99
615,ZTF_r,P48+ZTF,58711.2843171,18.0902414515639,0.028622359372918
616,ZTF_r,P48+ZTF,58561.3787384,99,99
617,ZTF_r,P48+ZTF,58290.3245255,99,99
618,ZTF_g,P48+ZTF,58283.2898495,99,99
619,ZTF_i,P48+ZTF,58976.4196528,18.6184067872324,0.061931383772277
620,ZTF_r,P48+ZTF,58354.1909375,99,99
621,ZTF_r,P48+ZTF,58358.2472106,99,99
622,ZTF_g,P48+ZTF,58231.3983449,99,99
623,ZTF_r,P48+ZTF,58378.2130903,99,99
624,ZTF_r,P48+ZTF,58372.1875347,99,99
625,ZTF_g,P48+ZTF,58364.2057407,99,99
626,ZTF_r,P48+ZTF,58482.5619213,99,99
627,ZTF_r,P48+ZTF,58361.2496991,99,99
628,ZTF_g,P48+ZTF,58381.2067361,99,99
629,ZTF_r,P48+ZTF,58359.2697338,99,99
630,ZTF_r,P48+ZTF,58218.4088079,99,99
631,ZTF_g,P48+ZTF,58321.3929282,99,99
632,ZTF_r,P48+ZTF,58320.2756366,99,99
633,ZTF_g,P48+ZTF,58558.4627315,99,99
634,ZTF_r,P48+ZTF,58580.5100231,99,99
635,ZTF_g,P48+ZTF,58383.1847801,99,99
636,ZTF_g,P48+ZTF,58231.4997106,99,99
637,ZTF_g,P48+ZTF,58307.2121296,99,99
638,ZTF_g,P48+ZTF,58699.2025926,18.2227390220701,0.011781106679259
639,ZTF_g,P48+ZTF,58346.1617014,99,99
640,ZTF_r,P48+ZTF,58274.3515509,99,99
641,ZTF_r,P48+ZTF,58672.2290625,18.166790033217,0.01322719097703
642,ZTF_g,P48+ZTF,58750.1359606,18.6343319722291,0.03102631076177
643,ZTF_r,P48+ZTF,58677.236169,18.221317532646,0.025092304288292
644,ZTF_r,P48+ZTF,58674.2284606,18.1630724619024,0.017720399593586
645,ZTF_g,P48+ZTF,58302.2131481,99,99
646,ZTF_r,P48+ZTF,58219.4664468,99,99
647,ZTF_r,P48+ZTF,58792.1100694,18.5386632432876,0.058862761741294
648,ZTF_g,P48+ZTF,58616.4565741,19.4333909385548,0.030832559279692
649,ZTF_r,P48+ZTF,58316.2240972,99,99
650,ZTF_r,P48+ZTF,58327.2944444,99,99
651,ZTF_r,P48+ZTF,58218.4304167,99,99
652,ZTF_r,P48+ZTF,58249.4205671,99,99
653,ZTF_r,P48+ZTF,58674.2112037,18.1715354770343,0.021613202317651
654,ZTF_r,P48+ZTF,58582.4223727,99,99
655,ZTF_g,P48+ZTF,58693.2370139,18.2372598072442,0.014472584723099
656,ZTF_r,P48+ZTF,58365.1516898,99,99
657,ZTF_r,P48+ZTF,58218.4699306,99,99
658,ZTF_r,P48+ZTF,58222.4321759,99,99
659,ZTF_r,P48+ZTF,58591.4606829,99,99
660,ZTF_i,P48+ZTF,58261.2774421,99,99
661,ZTF_r,P48+ZTF,58641.3335995,18.3943781245229,0.011407746787872
662,ZTF_r,P48+ZTF,58732.2116898,18.2335211435729,0.027741176855806
663,ZTF_g,P48+ZTF,58686.2856366,18.2828448924922,0.016319366610231
664,ZTF_i,P48+ZTF,59024.3198843,18.7460199372943,0.044860077474025
665,ZTF_g,P48+ZTF,58639.4554977,18.4864094175143,0.012697173257281
666,ZTF_r,P48+ZTF,58368.1488542,99,99
667,ZTF_r,P48+ZTF,58661.3060995,18.1670471767743,0.012375768275955
668,ZTF_r,P48+ZTF,58616.3771065,19.3508019632495,0.036844495679115
669,ZTF_g,P48+ZTF,58711.2402199,18.2553137417567,0.028346345898656
670,ZTF_g,P48+ZTF,58290.2349884,99,99
671,ZTF_g,P48+ZTF,58235.3805093,99,99
672,ZTF_g,P48+ZTF,58336.2434491,99,99
673,ZTF_r,P48+ZTF,58600.4695833,21.1374673818985,0.166112300640484
674,ZTF_r,P48+ZTF,58598.4882986,99,99
675,ZTF_g,P48+ZTF,58557.4841319,99,99
676,ZTF_r,P48+ZTF,58263.3575347,99,99
677,ZTF_g,P48+ZTF,58375.2367593,99,99
678,ZTF_i,P48+ZTF,58671.1821412,17.9773877310927,0.018687381323453
679,ZTF_g,P48+ZTF,58387.205544,99,99
680,ZTF_r,P48+ZTF,58364.1338194,99,99
681,ZTF_g,P48+ZTF,58230.3769213,99,99
682,ZTF_r,P48+ZTF,58569.465706,99,99
683,ZTF_g,P48+ZTF,58286.2682639,99,99
684,ZTF_g,P48+ZTF,58244.2747685,99,99
685,ZTF_g,P48+ZTF,58383.2059375,99,99
686,ZTF_g,P48+ZTF,58547.3816667,99,99
687,ZTF_r,P48+ZTF,58369.1736458,99,99
688,ZTF_r,P48+ZTF,58287.2736574,99,99
689,ZTF_r,P48+ZTF,58608.3406019,20.0695524602072,0.111703394915653
690,ZTF_g,P48+ZTF,58359.1517824,99,99
691,ZTF_r,P48+ZTF,58644.2768056,18.3053970125113,0.015964590600888
692,ZTF_g,P48+ZTF,58685.2061921,18.2805895313869,0.012273645968899
693,ZTF_r,P48+ZTF,58286.3168056,99,99
694,ZTF_g,P48+ZTF,58632.4390046,18.7573993044963,0.023791789588901
695,ZTF_g,P48+ZTF,58597.4638773,99,99
696,ZTF_r,P48+ZTF,58263.3986458,99,99
697,ZTF_i,P48+ZTF,59076.2272917,18.889988799136,0.039659953908484
698,ZTF_r,P48+ZTF,58287.3173611,99,99
699,ZTF_r,P48+ZTF,58262.3319097,99,99
700,ZTF_r,P48+ZTF,58350.1711111,99,99
701,ZTF_g,P48+ZTF,58281.2723032,99,99
702,ZTF_g,P48+ZTF,58236.4003704,99,99
703,ZTF_g,P48+ZTF,58365.2564236,99,99
704,ZTF_r,P48+ZTF,58675.2452778,18.1559053591401,0.018037921312119
705,ZTF_r,P48+ZTF,58372.1306134,99,99
706,ZTF_r,P48+ZTF,58255.3162037,99,99
707,ZTF_g,P48+ZTF,58367.2141204,99,99
708,ZTF_r,P48+ZTF,58226.4583565,99,99
709,ZTF_g,P48+ZTF,58349.1890625,99,99
710,ZTF_r,P48+ZTF,58217.470625,99,99
711,ZTF_r,P48+ZTF,58244.3710417,99,99
712,ZTF_g,P48+ZTF,58299.1888773,99,99
713,ZTF_g,P48+ZTF,58287.2481829,99,99
714,ZTF_r,P48+ZTF,58381.1501968,99,99
715,ZTF_r,P48+ZTF,58222.4303241,99,99
716,ZTF g,P48+ZTF,58210.4051736,99,99
717,ZTF_g,P48+ZTF,58291.3373958,99,99
718,ZTF_r,P48+ZTF,58231.3584028,99,99
719,ZTF_g,P48+ZTF,58247.3627315,99,99
720,ZTF_r,P48+ZTF,58287.2946759,99,99
721,ZTF_r,P48+ZTF,58230.4216551,99,99
722,ZTF_g,P48+ZTF,58236.4396991,99,99
723,ZTF_r,P48+ZTF,58360.266169,99,99
724,ZTF_r,P48+ZTF,58301.3515741,99,99
725,ZTF_g,P48+ZTF,58371.2340625,99,99
726,ZTF_g,P48+ZTF,58349.1687037,99,99
727,ZTF_r,P48+ZTF,58361.1371181,99,99
728,ZTF_r,P48+ZTF,58377.1711111,99,99
729,ZTF_r,P48+ZTF,58373.1874306,99,99
730,ZTF_r,P48+ZTF,58227.3984028,99,99
731,ZTF_g,P48+ZTF,58235.4821759,99,99
732,ZTF_g,P48+ZTF,58322.188588,99,99
733,ZTF_r,P48+ZTF,58219.4475347,99,99
734,ZTF_g,P48+ZTF,58367.2476157,99,99
735,ZTF_r,P48+ZTF,58349.2695139,99,99
736,ZTF_r,P48+ZTF,58322.2747454,99,99
737,ZTF_r,P48+ZTF,58252.3771875,99,99
738,ZTF_r,P48+ZTF,58332.2964931,99,99
739,ZTF_r,P48+ZTF,58303.3155671,99,99
740,ZTF_i,P48+ZTF,58379.1446181,99,99
741,ZTF_g,P48+ZTF,58298.2112731,99,99
742,ZTF_r,P48+ZTF,58353.274375,99,99
743,ZTF_r,P48+ZTF,58364.1727546,99,99
744,ZTF g,P48+ZTF,58211.5184606,99,99
745,ZTF g,P48+ZTF,58209.4660417,99,99
746,ZTF_i,P48+ZTF,58254.3776273,99,99
747,ZTF g,P48+ZTF,58211.4675,99,99
748,ZTF_r,P48+ZTF,58222.4493056,99,99
749,ZTF_g,P48+ZTF,58227.3562384,99,99
750,ZTF_r,P48+ZTF,58246.3998495,99,99
751,ZTF_g,P48+ZTF,58293.341875,99,99
752,ZTF_r,P48+ZTF,58382.1492014,99,99
753,ZTF_r,P48+ZTF,58482.571956,99,99
754,ZTF_r,P48+ZTF,58280.3104282,99,99
755,ZTF_r,P48+ZTF,58353.1915278,99,99
756,ZTF_r,P48+ZTF,58330.3154282,99,99
757,ZTF_r,P48+ZTF,58575.4401389,99,99
758,ZTF_r,P48+ZTF,58668.3209722,18.1409799426759,0.012211104855613
759,ZTF_g,P48+ZTF,58716.2646412,18.2639999559477,0.029906749908043
760,ZTF_r,P48+ZTF,58632.3005787,18.6799012358973,0.021739860625333
761,ZTF_r,P48+ZTF,58300.3543866,99,99
762,ZTF_r,P48+ZTF,58388.1927315,99,99
763,ZTF_g,P48+ZTF,58331.2339583,99,99
764,ZTF_g,P48+ZTF,58389.1790972,99,99
765,ZTF_g,P48+ZTF,58388.1116667,99,99
766,ZTF_g,P48+ZTF,58387.1841551,99,99
767,ZTF_g,P48+ZTF,58385.1659838,99,99
768,ZTF_r,P48+ZTF,58634.3540625,18.6534400048146,0.017745449426375
769,ZTF_g,P48+ZTF,58284.3779977,99,99
770,ZTF_g,P48+ZTF,58352.1480671,99,99
771,ZTF_r,P48+ZTF,58224.4296759,99,99
772,ZTF_r,P48+ZTF,58731.1525579,99,99
773,ZTF_r,P48+ZTF,58277.4116898,99,99
774,ZTF_r,P48+ZTF,58526.5272569,99,99
775,ZTF_i,P48+ZTF,58320.2487153,99,99
776,ZTF_r,P48+ZTF,58301.3602546,99,99
777,ZTF_r,P48+ZTF,58349.2737384,99,99
778,ZTF_g,P48+ZTF,58588.4785069,99,99
779,ZTF_r,P48+ZTF,58586.3741898,99,99
780,ZTF_r,P48+ZTF,58321.211088,99,99
781,ZTF_r,P48+ZTF,58291.2973727,99,99
782,ZTF_r,P48+ZTF,58330.3110764,99,99
783,ZTF_i,P48+ZTF,58543.5547569,99,99
784,ZTF_g,P48+ZTF,58543.525706,99,99
785,ZTF_g,P48+ZTF,58588.4818519,99,99
786,ZTF_g,P48+ZTF,58254.4582523,99,99
787,ZTF_r,P48+ZTF,58302.3168634,99,99
788,ZTF_i,P48+ZTF,58636.2983333,18.4776226322694,0.026097751420051
789,ZTF_g,P48+ZTF,58573.3790856,99,99
790,ZTF_r,P48+ZTF,58580.4637616,99,99
791,ZTF_g,P48+ZTF,58712.1475463,18.2283673037224,0.020015443713199
792,ZTF_r,P48+ZTF,58372.1633102,99,99
793,ZTF_g,P48+ZTF,58370.187037,99,99
794,ZTF_g,P48+ZTF,58367.2603356,99,99
795,ZTF_r,P48+ZTF,58617.3378704,19.1984335255116,0.042395608581534
796,ZTF_r,P48+ZTF,58307.360706,99,99
797,ZTF_r,P48+ZTF,58357.2458333,99,99
798,ZTF_g,P48+ZTF,58246.3148727,99,99
799,ZTF_g,P48+ZTF,58694.2278125,18.2447249864128,0.011197850243802
800,ZTF_r,P48+ZTF,58643.2948032,18.3485545115515,0.019901198996695
801,ZTF_g,P48+ZTF,58591.4860995,99,99
802,ZTF_r,P48+ZTF,58296.2716435,99,99
803,ZTF_g,P48+ZTF,58288.371412,99,99
804,ZTF_r,P48+ZTF,58262.3566319,99,99
805,ZTF g,P48+ZTF,58209.4860995,99,99
806,ZTF_r,P48+ZTF,58642.2711111,18.4171272558733,0.01355657894116
807,ZTF_g,P48+ZTF,58305.2964468,99,99
808,ZTF_g,P48+ZTF,58740.145706,18.5288777958286,0.047324290255199
809,ZTF_i,P48+ZTF,58282.1729861,99,99
810,ZTF_i,P48+ZTF,58366.2812731,99,99
811,ZTF_g,P48+ZTF,58273.289919,99,99
812,ZTF_r,P48+ZTF,58262.3367361,99,99
813,ZTF_g,P48+ZTF,58650.2134028,18.3348439387014,0.038469412482151
814,ZTF_g,P48+ZTF,58743.1219097,18.5562316032703,0.023855120016355
815,ZTF_g,P48+ZTF,58741.1218519,18.5726559335644,0.034636004157363
816,ZTF_g,P48+ZTF,58608.3175116,20.1918295624513,0.087119819084955
817,ZTF_g,P48+ZTF,58672.3310069,18.3007656555387,0.011133186731365
818,ZTF_i,P48+ZTF,58980.3760185,18.6403427005491,0.041898149048625
819,ZTF_r,P48+ZTF,58332.253206,99,99
820,ZTF_g,P48+ZTF,58374.1919444,99,99
821,ZTF_r,P48+ZTF,58315.2344213,99,99
822,ZTF_r,P48+ZTF,58299.3542477,99,99
823,ZTF_r,P48+ZTF,58681.2686806,18.1116567865185,0.026885799012933
824,ZTF_r,P48+ZTF,58635.2856944,18.574868638932,0.013874798603521
825,ZTF_g,P48+ZTF,58732.1479745,18.4995375753058,0.024854460405835
826,ZTF_g,P48+ZTF,58607.4359954,20.2607067104819,0.0626808308153
827,ZTF_g,P48+ZTF,58718.1753241,18.259809243743,0.012723617045735
828,ZTF_g,P48+ZTF,58308.3816088,99,99
829,ZTF_g,P48+ZTF,58364.2360185,99,99
830,ZTF_r,P48+ZTF,58384.173206,99,99
831,ZTF_g,P48+ZTF,58232.4619097,99,99
832,ZTF_g,P48+ZTF,58547.4036458,99,99
833,ZTF_g,P48+ZTF,58389.1938426,99,99
834,ZTF_g,P48+ZTF,58729.1333218,18.4900950292939,0.079965575080658
835,ZTF_r,P48+ZTF,58617.3178704,19.2296751752466,0.042093357973591
836,ZTF_r,P48+ZTF,58283.3379398,99,99
837,ZTF_r,P48+ZTF,58583.4848148,99,99
838,ZTF_g,P48+ZTF,58644.2139931,18.4373087462209,0.018800451582792
839,ZTF_r,P48+ZTF,58608.3577431,19.9804127094561,0.101026433274564
840,ZTF_g,P48+ZTF,58725.1723264,18.3941620096483,0.020792109243709
841,ZTF_g,P48+ZTF,58785.1150116,18.756471385671,0.039370918735313
842,ZTF_r,P48+ZTF,58661.3159028,18.2084489198229,0.012230865388317
843,ZTF_r,P48+ZTF,58638.2892014,18.4757082004784,0.015587161058508
844,ZTF_i,P48+ZTF,58627.453912,18.8489398566239,0.038525194694618
845,ZTF_r,P48+ZTF,58367.1724884,99,99
846,ZTF_r,P48+ZTF,58742.1204514,18.2068221369953,0.041640762813162
847,ZTF_r,P48+ZTF,58293.2724421,99,99
848,ZTF_g,P48+ZTF,58795.1097917,18.7682626791894,0.086547992880007
849,ZTF_r,P48+ZTF,58332.2892245,99,99
850,ZTF_g,P48+ZTF,58298.2480903,99,99
851,ZTF_r,P48+ZTF,58281.3158333,99,99
852,ZTF_g,P48+ZTF,58738.1211806,18.5750126303697,0.057784088643837
853,ZTF_r,P48+ZTF,58632.3305208,18.6667781812429,0.02113239274314
854,ZTF_g,P48+ZTF,58556.4832176,99,99
855,ZTF_r,P48+ZTF,58331.2106134,99,99
856,ZTF_i,P48+ZTF,58288.175544,99,99
857,ZTF_r,P48+ZTF,58229.4205787,99,99
858,ZTF_i,P48+ZTF,58747.1125694,18.1073002849148,0.056933594010201
859,ZTF_g,P48+ZTF,58372.234537,99,99
860,ZTF_r,P48+ZTF,58608.3795718,20.192786800817,0.154460602652167
861,ZTF_r,P48+ZTF,58357.2662963,99,99
862,ZTF_g,P48+ZTF,58255.3580208,99,99
863,ZTF_g,P48+ZTF,58724.1846528,18.3800702983524,0.012679244784397
864,ZTF_r,P48+ZTF,58639.3164583,18.4265851729888,0.019569335728638
865,ZTF_i,P48+ZTF,58308.1844213,99,99
866,ZTF_g,P48+ZTF,58714.149838,18.2318579037727,0.018617597785455
867,ZTF_r,P48+ZTF,58655.2106597,18.2945136445183,0.020026325832669
868,ZTF_g,P48+ZTF,58388.1434028,99,99
869,ZTF_r,P48+ZTF,58586.4899884,99,99
870,ZTF_r,P48+ZTF,58274.2946296,99,99
871,ZTF_g,P48+ZTF,58586.4185995,99,99
872,ZTF_g,P48+ZTF,58635.4209838,18.5886380847353,0.013315259323633
873,ZTF_r,P48+ZTF,58331.1900926,99,99
874,ZTF_g,P48+ZTF,58492.549375,99,99
875,ZTF_g,P48+ZTF,58718.2672106,18.2522687283554,0.013714994654381
876,ZTF_r,P48+ZTF,58702.1704051,18.0683910698139,0.079289499425644
877,ZTF_r,P48+ZTF,58619.3503935,19.1587712003273,0.104550659928347
878,ZTF_g,P48+ZTF,58682.1926852,18.2981659508797,0.024225742356082
879,ZTF_r,P48+ZTF,58284.2758449,99,99
880,ZTF_r,P48+ZTF,58216.3834838,99,99
881,ZTF_r,P48+ZTF,58481.5467593,99,99
882,ZTF_i,P48+ZTF,58232.3393634,99,99
883,ZTF_g,P48+ZTF,58685.291412,18.2443397049521,0.01883976669646
884,ZTF_r,P48+ZTF,58628.3596065,18.7583367630072,0.024047225405463
885,ZTF_r,P48+ZTF,58654.3585417,18.2789472850248,0.026980685482548
886,ZTF_r,P48+ZTF,58330.3373495,99,99
887,ZTF_r,P48+ZTF,58313.2096412,99,99
888,ZTF_g,P48+ZTF,58778.1221644,18.8032155202311,0.040766121795067
889,ZTF_i,P48+ZTF,58591.3207407,99,99
890,ZTF_g,P48+ZTF,58737.1303819,18.5591862721456,0.039265717305208
891,ZTF_g,P48+ZTF,58300.2119792,99,99
892,ZTF_r,P48+ZTF,58586.3792477,99,99
893,ZTF_r,P48+ZTF,58381.1460301,99,99
894,ZTF_g,P48+ZTF,58373.2166204,99,99
895,ZTF_g,P48+ZTF,58556.4784838,99,99
896,ZTF g,P48+ZTF,58210.4866204,99,99
897,ZTF_g,P48+ZTF,58231.3783565,99,99
898,ZTF_g,P48+ZTF,58684.2111806,18.2977384159427,0.013867595381219
899,ZTF_i,P48+ZTF,58997.3164583,18.6197247346215,0.03009481944109
900,ZTF_g,P48+ZTF,58686.2085648,18.2492745507354,0.010496929925034
901,ZTF_g,P48+ZTF,58370.1937384,99,99
902,ZTF_r,P48+ZTF,58607.3615509,20.1463187595633,0.062394250569195
903,ZTF_i,P48+ZTF,58971.4614815,18.6642851394753,0.031059408324391
904,ZTF_g,P48+ZTF,58350.2536921,99,99
905,ZTF_r,P48+ZTF,58672.2065278,18.1402797163148,0.013010457038406
906,ZTF_r,P48+ZTF,58618.3566898,19.2508636388374,0.054436323884411
907,ZTF_g,P48+ZTF,58382.169838,99,99
908,ZTF_g,P48+ZTF,58698.1931134,18.1922807532992,0.016036846287543
909,ZTF_i,P48+ZTF,58733.1451736,18.0389857644243,0.020305522798341
910,ZTF_g,P48+ZTF,58605.4842593,20.4248741701052,0.10180205805442
911,ZTF_g,P48+ZTF,58732.1433449,18.4333402870811,0.022779099887689
912,ZTF_r,P48+ZTF,58685.3234144,18.1088670385155,0.016753560023807
913,ZTF_g,P48+ZTF,58369.2523495,99,99
914,ZTF_r,P48+ZTF,58384.1371644,99,99
915,ZTF_r,P48+ZTF,58358.2277778,99,99
916,ZTF_g,P48+ZTF,58654.2979167,18.3097667547171,0.032917556934755
917,ZTF_g,P48+ZTF,58374.1928588,99,99
918,ZTF_g,P48+ZTF,58351.2531366,99,99
919,ZTF_g,P48+ZTF,58371.2264468,99,99
920,ZTF_g,P48+ZTF,58377.2128935,99,99
921,ZTF_r,P48+ZTF,58729.1888542,99,99
922,ZTF_g,P48+ZTF,58598.4435764,99,99
923,ZTF_r,P48+ZTF,58365.1531713,99,99
924,ZTF_r,P48+ZTF,58670.3125926,18.1738533939972,0.012027443098245
925,ZTF_r,P48+ZTF,58698.1588773,18.0722261795877,0.0370940589389
926,ZTF_g,P48+ZTF,58349.1677778,99,99
927,ZTF g,P48+ZTF,58211.4474421,99,99
928,ZTF_g,P48+ZTF,58311.2546875,99,99
929,ZTF_g,P48+ZTF,58583.4003009,99,99
930,ZTF_r,P48+ZTF,58321.2311458,99,99
931,ZTF_r,P48+ZTF,58574.4248727,99,99
932,ZTF_r,P48+ZTF,58327.3160417,99,99
933,ZTF_g,P48+ZTF,58670.282338,18.3025961743937,0.012146220502495
934,ZTF_r,P48+ZTF,58647.2741319,18.2776783976988,0.023951811543391
935,ZTF_g,P48+ZTF,58561.5040394,99,99
936,ZTF_g,P48+ZTF,58361.1928125,99,99
937,ZTF_r,P48+ZTF,58364.1618171,99,99
938,ZTF_r,P48+ZTF,58482.5670949,99,99
939,ZTF g,P48+ZTF,58210.4640972,99,99
940,ZTF_r,P48+ZTF,58627.3956019,18.758213711682,0.025466495471503
941,ZTF_r,P48+ZTF,58691.1911343,18.0816444259701,0.011743757612033
942,ZTF_r,P48+ZTF,58311.228831,99,99
943,ZTF_g,P48+ZTF,58728.1513079,18.4499688255368,0.015597371135664
944,ZTF_r,P48+ZTF,58588.4417477,99,99
945,ZTF_r,P48+ZTF,58359.2119329,99,99
946,ZTF_r,P48+ZTF,58243.3170602,99,99
947,ZTF_g,P48+ZTF,58587.4609954,99,99
948,ZTF_r,P48+ZTF,58541.5443519,99,99
949,ZTF_g,P48+ZTF,58387.224213,99,99
950,ZTF_r,P48+ZTF,58386.1958102,99,99
951,ZTF_r,P48+ZTF,58291.3304282,99,99
952,ZTF_g,P48+ZTF,58284.3619792,99,99
953,ZTF_g,P48+ZTF,58798.0992477,18.8757757905279,0.127881095640749
954,ZTF_g,P48+ZTF,58573.4827894,99,99
955,ZTF_r,P48+ZTF,58318.2690625,99,99
956,ZTF_g,P48+ZTF,58323.2875926,99,99
957,ZTF_g,P48+ZTF,58366.2117593,99,99
958,ZTF_g,P48+ZTF,58228.4996296,99,99
959,ZTF_g,P48+ZTF,58641.2121528,18.469652927665,0.017898999595581
960,ZTF_g,P48+ZTF,58635.4428125,18.610593266542,0.015301147208114
961,ZTF_r,P48+ZTF,58373.1660185,99,99
962,ZTF_g,P48+ZTF,58713.1482986,99,99
963,ZTF_r,P48+ZTF,58359.2128704,99,99
964,ZTF_g,P48+ZTF,58351.2495023,99,99
965,ZTF_r,P48+ZTF,58377.1495255,99,99
966,ZTF_r,P48+ZTF,58351.2080671,99,99
967,ZTF_g,P48+ZTF,58647.3704861,18.3389212750112,0.022400390397013
968,ZTF_g,P48+ZTF,58643.353287,18.4630892632516,0.014934690985475
969,ZTF_g,P48+ZTF,58708.1728819,18.1444502155761,0.026221469295469
970,ZTF_g,P48+ZTF,58608.4022685,20.2438475736666,0.084907338811121
971,ZTF_g,P48+ZTF,58681.1906944,18.292590839417,0.036956056842395
972,ZTF_r,P48+ZTF,58387.1246065,99,99
973,ZTF_r,P48+ZTF,58356.2107292,99,99
974,ZTF_g,P48+ZTF,58368.2277662,99,99
975,ZTF_g,P48+ZTF,58372.225,99,99
976,ZTF_g,P48+ZTF,58681.1865394,18.3207416254909,0.034768364061329
977,ZTF_r,P48+ZTF,58696.3477778,18.0695663998717,0.013588494589818
978,ZTF_r,P48+ZTF,58389.215706,99,99
979,ZTF_g,P48+ZTF,58639.4313542,18.4958763177913,0.012868072399985
980,ZTF_g,P48+ZTF,58388.1505787,99,99
981,ZTF_r,P48+ZTF,58737.1868287,18.3322716431834,0.036476411249681
982,ZTF_i,P48+ZTF,58685.3056481,17.9397334625234,0.020322410807056
983,ZTF_g,P48+ZTF,58607.4166204,20.3071811423881,0.069980608871082
984,ZTF_i,P48+ZTF,58605.465625,99,99
985,ZTF_r,P48+ZTF,58643.2557639,18.3455629179219,0.01625422241258
986,ZTF_g,P48+ZTF,58380.1167361,99,99
987,ZTF_g,P48+ZTF,58771.1101736,18.7153766581937,0.057252112732705
988,ZTF_r,P48+ZTF,58358.2068403,99,99
989,ZTF_r,P48+ZTF,58369.1637731,99,99
990,ZTF_r,P48+ZTF,58389.1241088,99,99
991,ZTF_r,P48+ZTF,58647.2750347,18.2556814153722,0.020185720936081
992,ZTF_g,P48+ZTF,58674.3544676,18.2689281053403,0.012652105691576
993,ZTF_g,P48+ZTF,58366.2344213,99,99
994,ZTF_g,P48+ZTF,58352.1702778,99,99
995,ZTF_r,P48+ZTF,58368.1879282,99,99
996,ZTF_g,P48+ZTF,58713.2279167,18.5437541442331,0.186180142988486
997,ZTF_g,P48+ZTF,58734.1871296,18.5839359493501,0.043051463353782
998,ZTF_r,P48+ZTF,58365.1329282,99,99
999,ZTF_r,P48+ZTF,58643.2781019,18.3413985790437,0.01801593462059
1000,ZTF_g,P48+ZTF,58586.4575347,99,99
1001,ZTF_g,P48+ZTF,58314.3365509,99,99
1002,ZTF_i,P48+ZTF,58246.2759259,99,99
1003,ZTF_i,P48+ZTF,58581.5051273,99,99
1004,ZTF_g,P48+ZTF,59000.2510069,99,99
1005,ZTF_r,P48+ZTF,58322.27125,99,99
1006,ZTF_r,P48+ZTF,58283.3170833,99,99
1007,ZTF_r,P48+ZTF,58319.2519329,99,99
1008,ZTF_g,P48+ZTF,58672.3012847,18.2785191752314,0.009950512814951
1009,ZTF_r,P48+ZTF,58589.3399769,99,99
1010,ZTF_g,P48+ZTF,58597.4800231,99,99
1011,ZTF_r,P48+ZTF,58300.3327662,99,99
1012,ZTF_g,P48+ZTF,58280.2898958,99,99
1013,ZTF_g,P48+ZTF,58592.497419,99,99
1014,ZTF_g,P48+ZTF,58598.4572801,99,99
1015,ZTF_i,P48+ZTF,58572.4001273,99,99
1016,ZTF_r,P48+ZTF,58575.4410532,99,99
1017,ZTF_g,P48+ZTF,58581.4814699,99,99
1018,ZTF_g,P48+ZTF,58290.2107407,99,99
1019,ZTF_r,P48+ZTF,58314.2290162,99,99
1020,ZTF_r,P48+ZTF,58216.3702199,99,99
1021,ZTF_r,P48+ZTF,58290.3372917,99,99
1022,ZTF_i,P48+ZTF,58294.3372569,99,99
1023,ZTF_r,P48+ZTF,58577.4323148,99,99
1024,ZTF_r,P48+ZTF,58222.5090972,99,99
1025,ZTF_g,P48+ZTF,58252.4559375,99,99
1026,ZTF_g,P48+ZTF,58228.461794,99,99
1027,ZTF_g,P48+ZTF,58324.2950463,99,99
1028,ZTF_r,P48+ZTF,58255.3322454,99,99
1029,ZTF_g,P48+ZTF,58600.3997106,21.4072711792216,0.183018218899339
1030,ZTF_r,P48+ZTF,58256.4412731,99,99
1031,ZTF_r,P48+ZTF,58229.4215162,99,99
1032,ZTF_g,P48+ZTF,58305.2123148,99,99
1033,ZTF_g,P48+ZTF,58277.3378356,99,99
1034,ZTF_g,P48+ZTF,58330.2083796,99,99
1035,ZTF_g,P48+ZTF,58586.4771181,99,99
1036,ZTF_r,P48+ZTF,58588.4144213,99,99
1037,ZTF_r,P48+ZTF,58558.5053704,99,99
1038,ZTF_g,P48+ZTF,58556.4841319,99,99
1039,ZTF_r,P48+ZTF,58272.2738542,99,99
1040,ZTF_r,P48+ZTF,58307.1937731,99,99
1041,ZTF_g,P48+ZTF,58506.5279861,99,99
1042,ZTF_r,P48+ZTF,58374.1284491,99,99
1043,ZTF_r,P48+ZTF,58592.338287,99,99
1044,ZTF_r,P48+ZTF,58249.4170833,99,99
1045,ZTF_g,P48+ZTF,58312.3262731,99,99
1046,ZTF_g,P48+ZTF,58252.4244213,99,99
1047,ZTF g,P48+ZTF,58210.3637037,99,99
1048,ZTF g,P48+ZTF,58211.4831366,99,99
1049,ZTF_r,P48+ZTF,58219.4262384,99,99
1050,ZTF_g,P48+ZTF,58312.3371065,99,99
1051,ZTF_g,P48+ZTF,58582.4843287,99,99
1052,ZTF_r,P48+ZTF,58592.3800231,99,99
1053,ZTF_g,P48+ZTF,58557.5035764,99,99
1054,ZTF_g,P48+ZTF,58580.5230671,99,99
1055,ZTF_r,P48+ZTF,58585.4023727,99,99
1056,ZTF_g,P48+ZTF,58280.270706,99,99
1057,ZTF_r,P48+ZTF,58592.3809375,99,99
1058,ZTF_g,P48+ZTF,58302.2103241,99,99
1059,ZTF_g,P48+ZTF,58526.5493287,99,99
1060,ZTF_r,P48+ZTF,58273.3540162,99,99
1061,ZTF_r,P48+ZTF,58315.338588,99,99
1062,ZTF_r,P48+ZTF,58246.4196065,99,99
1063,ZTF_g,P48+ZTF,58712.1903935,18.1968875168768,0.02801380009141
1064,ZTF_g,P48+ZTF,58350.2723727,99,99
1065,ZTF_r,P48+ZTF,58298.3167593,99,99
1066,ZTF_g,P48+ZTF,58673.3193981,18.2783420961429,0.012081064479005
1067,ZTF_g,P48+ZTF,58644.3404167,18.3847153191111,0.014283189949927
1068,ZTF_r,P48+ZTF,58355.2331597,99,99
1069,ZTF_r,P48+ZTF,58386.2327778,99,99
1070,ZTF_r,P48+ZTF,58728.205162,18.1471189658477,0.015318206578857
1071,ZTF_i,P48+ZTF,59067.2321065,19.0271377205493,0.05127855886118
1072,ZTF_r,P48+ZTF,58378.1154861,99,99
1073,ZTF_r,P48+ZTF,58655.1927546,18.2458393319842,0.016468523037486
1074,ZTF_g,P48+ZTF,58644.341331,18.3698144012255,0.014701941809567
1075,ZTF_g,P48+ZTF,58278.3932292,99,99
1076,ZTF_r,P48+ZTF,58319.2491204,99,99
1077,ZTF_g,P48+ZTF,58308.22875,99,99
1078,ZTF_g,P48+ZTF,58331.2904861,99,99
1079,ZTF_g,P48+ZTF,58568.4010417,99,99
1080,ZTF_r,P48+ZTF,58584.3905556,99,99
1081,ZTF_g,P48+ZTF,58671.2839005,18.2787630787698,0.012585141733241
1082,ZTF_g,P48+ZTF,58711.2210532,18.2088144204036,0.02532358552418
1083,ZTF_r,P48+ZTF,58356.2125694,99,99
1084,ZTF_r,P48+ZTF,58319.2779745,99,99
1085,ZTF_g,P48+ZTF,58371.2058912,99,99
1086,ZTF_r,P48+ZTF,58353.1659028,99,99
1087,ZTF_r,P48+ZTF,58371.1336343,99,99
1088,ZTF_r,P48+ZTF,58577.4073958,99,99
1089,ZTF_r,P48+ZTF,58703.1685532,18.1491941185322,0.031058114973675
1090,ZTF_g,P48+ZTF,58618.4196181,19.0902815379006,0.092122523119228
1091,ZTF_g,P48+ZTF,58678.2869676,18.3598586112941,0.033283029612294
1092,ZTF_g,P48+ZTF,58693.288044,18.2436364215989,0.013510536623199
1093,ZTF_g,P48+ZTF,58743.1204514,18.5815520768247,0.026114462855426
1094,ZTF_g,P48+ZTF,58635.475162,18.5729396585764,0.028092625898379
1095,ZTF_r,P48+ZTF,58320.3497222,99,99
1096,ZTF_g,P48+ZTF,58716.1855093,18.2607277208478,0.012337067722812
1097,ZTF_r,P48+ZTF,58569.3954282,99,99
1098,ZTF_i,P48+ZTF,58337.1665394,99,99
1099,ZTF_g,P48+ZTF,58323.3946412,99,99
1100,ZTF_r,P48+ZTF,58365.1744213,99,99
1101,ZTF_g,P48+ZTF,58272.3793056,99,99
1102,ZTF_g,P48+ZTF,58384.2161574,99,99
1103,ZTF_g,P48+ZTF,58740.1226273,18.4804361136248,0.041513660306314
1104,ZTF_g,P48+ZTF,58655.2727894,18.3631303351386,0.036036760063076
1105,ZTF_r,P48+ZTF,58277.2909491,99,99
1106,ZTF_g,P48+ZTF,58789.1253241,18.9012514636891,0.088724734171948
1107,ZTF_g,P48+ZTF,59001.2521065,99,99
1108,ZTF_r,P48+ZTF,58695.2337731,18.197126173507,0.014431003394102
1109,ZTF_g,P48+ZTF,58373.2342824,99,99
1110,ZTF_i,P48+ZTF,58953.4600694,18.5453057282729,0.045221922189424
1111,ZTF g,P48+ZTF,58211.4005903,99,99
1112,ZTF_g,P48+ZTF,58734.208588,18.5103222071501,0.038582235140392
1113,ZTF_g,P48+ZTF,58592.4983333,99,99
1114,ZTF_g,P48+ZTF,58712.1731019,18.2333407606856,0.022746425843537
1115,ZTF_r,P48+ZTF,58682.2822917,18.1000097214431,0.018051221288841
1116,ZTF_r,P48+ZTF,58257.3160417,99,99
1117,ZTF_g,P48+ZTF,58284.3629051,99,99
1118,ZTF_g,P48+ZTF,58543.5003125,99,99
1119,ZTF_r,P48+ZTF,58733.2480208,18.2796769870825,0.029505210370589
1120,ZTF_r,P48+ZTF,58353.1924537,99,99
1121,ZTF_r,P48+ZTF,58257.3400231,99,99
1122,ZTF_g,P48+ZTF,58368.2336458,99,99
1123,ZTF_i,P48+ZTF,58371.2810995,99,99
1124,ZTF_r,P48+ZTF,58482.5768287,99,99
1125,ZTF_r,P48+ZTF,58573.4351968,99,99
1126,ZTF_r,P48+ZTF,58574.4422917,99,99
1127,ZTF_g,P48+ZTF,58272.2537384,99,99
1128,ZTF_g,P48+ZTF,58369.2175116,99,99
1129,ZTF_g,P48+ZTF,58641.2345023,18.3653219352983,0.030180217402853
1130,ZTF_g,P48+ZTF,58329.163125,99,99
1131,ZTF_r,P48+ZTF,58219.4655093,99,99
1132,ZTF_g,P48+ZTF,58278.3578704,99,99
1133,ZTF_g,P48+ZTF,58234.3362616,99,99
1134,ZTF_g,P48+ZTF,58538.5244907,99,99
1135,ZTF_r,P48+ZTF,58283.3711921,99,99
1136,ZTF_g,P48+ZTF,58235.3986806,99,99
1137,ZTF_g,P48+ZTF,58235.3573958,99,99
1138,ZTF_g,P48+ZTF,58287.3400694,99,99
1139,ZTF_i,P48+ZTF,59063.2108102,18.9556370053239,0.056369871343052
1140,ZTF_g,P48+ZTF,58254.4213542,99,99
1141,ZTF_r,P48+ZTF,58280.3149537,99,99
1142,ZTF_r,P48+ZTF,58329.3175926,99,99
1143,ZTF_r,P48+ZTF,58322.2325463,99,99
1144,ZTF_r,P48+ZTF,58216.4022338,99,99
1145,ZTF_r,P48+ZTF,58252.3747338,99,99
1146,ZTF_g,P48+ZTF,58234.3742014,99,99
1147,ZTF_r,P48+ZTF,58219.4975694,99,99
1148,ZTF_g,P48+ZTF,58343.1836227,99,99
1149,ZTF_r,P48+ZTF,58278.2728472,99,99
1150,ZTF_g,P48+ZTF,58231.4197222,99,99
1151,ZTF_r,P48+ZTF,58218.5037616,99,99
1152,ZTF_g,P48+ZTF,58328.2593287,99,99
1153,ZTF_g,P48+ZTF,58231.4776968,99,99
1154,ZTF_g,P48+ZTF,58237.3190046,99,99
1155,ZTF_g,P48+ZTF,58279.316169,99,99
1156,ZTF_r,P48+ZTF,58216.4228588,99,99
1157,ZTF_r,P48+ZTF,58308.2316204,99,99
1158,ZTF_i,P48+ZTF,58667.1803009,18.0786685001892,0.021755996705262
1159,ZTF_g,P48+ZTF,58230.4009028,99,99
1160,ZTF_g,P48+ZTF,58699.180787,18.1802606000843,0.01334365520993
1161,ZTF_g,P48+ZTF,58617.4201968,19.303510841793,0.035292003288856
1162,ZTF_g,P48+ZTF,58738.1336574,18.5186844719489,0.040684830476781
1163,ZTF_r,P48+ZTF,58591.4409491,99,99
1164,ZTF_r,P48+ZTF,58222.4109491,99,99
1165,ZTF_r,P48+ZTF,58275.3803588,99,99
1166,ZTF_r,P48+ZTF,58598.3698843,99,99
1167,ZTF_g,P48+ZTF,58290.2116667,99,99
1168,ZTF_g,P48+ZTF,58235.4400231,99,99
1169,ZTF_i,P48+ZTF,58966.4845023,18.5225017211443,0.024635809817332
1170,ZTF_r,P48+ZTF,58640.2553935,18.3947508361695,0.014830996618863
1171,ZTF_r,P48+ZTF,58383.1132755,99,99
1172,ZTF_r,P48+ZTF,58346.1830093,99,99
1173,ZTF_g,P48+ZTF,58581.4681713,99,99
1174,ZTF_i,P48+ZTF,58991.3358681,18.6210823221445,0.037911401802175
1175,ZTF_r,P48+ZTF,58278.3147454,99,99
1176,ZTF_r,P48+ZTF,58312.2328588,99,99
1177,ZTF_g,P48+ZTF,58230.4828935,99,99
1178,ZTF_r,P48+ZTF,58646.3086574,18.2639936217687,0.036638925178219
1179,ZTF_g,P48+ZTF,58682.1877662,18.2880136517169,0.020669098641423
1180,ZTF_g,P48+ZTF,58642.4169444,18.4458963058141,0.011142690201972
1181,ZTF_g,P48+ZTF,58288.3538542,99,99
1182,ZTF_g,P48+ZTF,58583.4221528,99,99
1183,ZTF_r,P48+ZTF,58592.3602662,99,99
1184,ZTF_i,P48+ZTF,59088.1908796,18.9741552452085,0.064934253615914
1185,ZTF_g,P48+ZTF,58279.360162,99,99
1186,ZTF_g,P48+ZTF,58284.2528009,99,99
1187,ZTF_g,P48+ZTF,58580.4375347,99,99
1188,ZTF_g,P48+ZTF,58247.3364699,99,99
1189,ZTF_r,P48+ZTF,58308.2325347,99,99
1190,ZTF_r,P48+ZTF,58301.1877894,99,99
1191,ZTF_g,P48+ZTF,58725.165706,18.3724210136864,0.024275876444151
1192,ZTF_i,P48+ZTF,58659.1799653,18.1637860766175,0.025385989723502
1193,ZTF_g,P48+ZTF,58229.4645023,99,99
1194,ZTF_r,P48+ZTF,58373.1421065,99,99
1195,ZTF_r,P48+ZTF,58336.2196412,99,99
1196,ZTF_r,P48+ZTF,58300.354838,99,99
1197,ZTF_g,P48+ZTF,58307.2329167,99,99
1198,ZTF_g,P48+ZTF,58673.3099306,18.3069920811756,0.013542038054957
1199,ZTF_g,P48+ZTF,58682.2109954,18.306638836569,0.024018475371407
1200,ZTF_r,P48+ZTF,58709.2565972,18.011304673813,0.021479977547032
1201,ZTF_r,P48+ZTF,58654.3506366,18.2897893342782,0.030310392196527
1202,ZTF_r,P48+ZTF,58640.2798843,18.4030726156953,0.013700927460892
1203,ZTF_r,P48+ZTF,58588.4358333,99,99
1204,ZTF_r,P48+ZTF,58352.2303472,99,99
1205,ZTF_i,P48+ZTF,58362.2757986,99,99
1206,ZTF_r,P48+ZTF,58274.3329398,99,99
1207,ZTF_r,P48+ZTF,58275.3581134,99,99
1208,ZTF_r,P48+ZTF,58678.2301736,18.1626502287606,0.02296264909149
1209,ZTF_r,P48+ZTF,58728.2348495,18.3013324621313,0.021946606064944
1210,ZTF_g,P48+ZTF,58577.4990046,99,99
1211,ZTF_r,P48+ZTF,58387.1528009,99,99
1212,ZTF_r,P48+ZTF,58291.2728588,99,99
1213,ZTF_g,P48+ZTF,58700.2569907,18.1963980902763,0.01316690365477
1214,ZTF_g,P48+ZTF,58617.4154398,19.3803195779574,0.041107483625453
1215,ZTF_r,P48+ZTF,59001.2934028,19.2848809224395,0.017261569233363
1216,ZTF_r,P48+ZTF,58587.4218634,99,99
1217,ZTF_g,P48+ZTF,58543.5066319,99,99
1218,ZTF_r,P48+ZTF,58305.3532755,99,99
1219,ZTF_r,P48+ZTF,58616.3966204,19.3666089011618,0.032317375284835
1220,ZTF_g,P48+ZTF,58718.1743981,18.2549631082976,0.012049229800918
1221,ZTF_r,P48+ZTF,58638.2681713,18.4901921186013,0.014576722611419
1222,ZTF_r,P48+ZTF,58654.3430324,18.2462245721003,0.022904352034525
1223,ZTF_r,P48+ZTF,58229.4391667,99,99
1224,ZTF_r,P48+ZTF,58686.3058796,18.1209335983053,0.015563915034223
1225,ZTF_r,P48+ZTF,58691.1868519,18.1063119748622,0.010845268304975
1226,ZTF_r,P48+ZTF,58633.3536458,18.6555817220729,0.018890138123576
1227,ZTF_r,P48+ZTF,58574.4616898,99,99
1228,ZTF_r,P48+ZTF,58635.2866088,18.5256392659251,0.013492869288196
