,filter,instrument,mjd,magpsf,sigmamagpsf,alert
0,r,P48+ZTF,58671.1915509,18.0690880305912,0.013596821025827,False
1,i,P48+ZTF,59009.3165394,18.7494946816278,0.052637762204516,False
2,r,P48+ZTF,58694.2087269,18.0781454398711,0.012873475155589,False
3,r,P48+ZTF,58632.3015509,18.657524762577,0.024579249647471,False
4,r,P48+ZTF,58637.3346991,18.5195964300859,0.015059379715235,False
5,g,P48+ZTF,58675.3543056,18.3000168930721,0.016326547624598,False
6,g,P48+ZTF,58641.1954977,18.4491106554944,0.020005135466301,False
7,i,P48+ZTF,58648.3070949,18.2320625368774,0.030550048390479,False
8,r,P48+ZTF,58700.1730556,18.0083035952341,0.010134910139413,False
9,i,P48+ZTF,58690.3285995,17.9654970740608,0.016258848440067,False
10,r,P48+ZTF,58638.310625,18.5292882457445,0.015371534110156,False
11,i,P48+ZTF,58703.163669,17.9051581850576,0.022341253792586,False
12,g,P48+ZTF,58638.3525926,18.5861697648817,0.015148315223035,False
13,i,P48+ZTF,58710.2327083,17.8401523757331,0.028532933888381,False
14,g,P48+ZTF,58708.3500347,18.2224823520667,0.056678756289075,False
15,r,P48+ZTF,58660.2474884,18.1332067091207,0.010745492806689,False
16,r,P48+ZTF,58666.252963,18.1641771909523,0.012150525022615,False
17,g,P48+ZTF,58734.1862153,18.517477597648,0.040550780908682,False
18,g,P48+ZTF,58666.2137153,18.278465614878,0.010929676961227,False
19,i,P48+ZTF,58644.2364699,18.3149134449757,0.028830961237357,False
20,g,P48+ZTF,58696.2603819,18.2033732328152,0.01139621589335,False
21,r,P48+ZTF,58618.3364931,19.1442758005658,0.076425806181463,False
22,g,P48+ZTF,58666.2128009,18.241319392991,0.011686799020631,False
23,r,P48+ZTF,58628.3772454,18.7703770998475,0.024608688994931,False
24,g,P48+ZTF,58711.1488079,18.1617855861007,0.023700161212735,False
25,g,P48+ZTF,58740.1215972,18.5436929985457,0.048514865103113,False
26,g,P48+ZTF,58758.1289468,18.7333823479686,0.028174802994618,False
27,g,P48+ZTF,58684.2120833,18.3020181927308,0.01438328699454,False
28,r,P48+ZTF,58608.4945255,20.4894042496499,0.133988117996359,False
29,r,P48+ZTF,58655.3168287,18.3517285343462,0.034507590162507,False
30,r,P48+ZTF,58606.3095255,20.5128237073623,0.147238075209312,False
31,r,P48+ZTF,58651.3514468,18.2887303087961,0.038627836340332,False
32,r,P48+ZTF,58646.2460764,18.3825661319795,0.034132557534296,False
33,r,P48+ZTF,58650.2937616,18.1953477716354,0.028689897580737,False
34,r,P48+ZTF,58647.2551273,18.2849125182327,0.021626629259782,False
35,g,P48+ZTF,58727.1510764,18.3461530053437,0.01392534092449,False
36,g,P48+ZTF,58781.1121644,18.8522755927668,0.068362301389494,False
37,r,P48+ZTF,58682.289294,18.2388518960032,0.024945146420101,False
38,g,P48+ZTF,58654.2754745,18.3270098819939,0.029180529666001,False
39,r,P48+ZTF,58713.2361458,18.034517395547,0.039305365917203,False
40,g,P48+ZTF,58632.3375579,18.6331618740167,0.015597098186461,False
41,i,P48+ZTF,59028.3146412,18.8248379003263,0.040394455820226,False
42,r,P48+ZTF,58669.3165625,18.1287184883768,0.011736736202098,False
43,r,P48+ZTF,58781.0906713,18.6560954274839,0.074690513179051,False
44,r,P48+ZTF,58635.3790972,18.5826660156935,0.013706049375778,False
45,r,P48+ZTF,58681.2790278,18.1269789852378,0.026253414486318,False
46,i,P48+ZTF,58725.2294097,17.934222762865,0.018667375143345,False
47,r,P48+ZTF,58617.3586574,19.3228818904429,0.050480953273664,False
48,r,P48+ZTF,58612.4211574,19.7089669501754,0.038945158779013,False
49,r,P48+ZTF,58725.2375347,18.1707727854172,0.015587973102271,False
50,r,P48+ZTF,58605.4013426,20.5610783108132,0.106715651227962,False
51,r,P48+ZTF,58605.3794097,20.6739461245566,0.140103495271623,False
52,i,P48+ZTF,59036.3256829,18.8472994813896,0.055838771559553,False
53,r,P48+ZTF,58632.2739236,18.6479786169654,0.021732426049319,False
54,g,P48+ZTF,58737.129456,18.5926350112819,0.045625393095192,False
55,r,P48+ZTF,59000.3339931,19.4421316231205,0.085053776960447,False
56,i,P48+ZTF,59001.3316898,18.6319578391019,0.032732110431318,False
57,g,P48+ZTF,58684.1913657,18.2754936315384,0.011602873645229,False
58,r,P48+ZTF,58711.3109491,18.0565534872707,0.031154033022731,False
59,g,P48+ZTF,58745.1319097,18.6297512138223,0.019083379892606,False
60,r,P48+ZTF,58684.1728935,18.1004884973021,0.012748726003455,False
61,g,P48+ZTF,58616.4556597,19.4180649805109,0.02781957312904,False
62,g,P48+ZTF,58703.1986458,18.1882209875899,0.020630277898253,False
63,g,P48+ZTF,58742.1456829,18.5974130728885,0.047353902118422,False
64,r,P48+ZTF,58697.1576736,17.9880308767673,0.015410083619412,False
65,g,P48+ZTF,58635.4200694,18.6109842482432,0.014120492621739,False
66,g,P48+ZTF,58691.3104745,18.2609274624751,0.011844267723483,False
67,i,P48+ZTF,58679.2546528,18.011134659053,0.019648546659501,False
68,g,P48+ZTF,58616.4630787,19.4451946345946,0.028876142703301,False
69,r,P48+ZTF,58724.1643287,18.1392275191825,0.012027908570802,False
70,i,P48+ZTF,59080.2476852,19.0487503683641,0.052911803409373,False
71,r,P48+ZTF,58635.358125,18.578689290701,0.016317150390768,False
72,r,P48+ZTF,58607.3783449,20.1839808425895,0.073420739108563,False
73,i,P48+ZTF,59059.2527315,19.0239355374928,0.059216501292041,False
74,r,P48+ZTF,58714.1457407,18.0229121351024,0.014732002278826,False
75,g,P48+ZTF,58660.1730208,18.2578836518794,0.025397509079165,False
76,r,P48+ZTF,58644.3137153,18.3259354557058,0.016096112181893,False
77,g,P48+ZTF,58660.2034259,18.3128925868172,0.011672117911146,False
78,r,P48+ZTF,58641.2942014,18.4066212480784,0.012727830220022,False
79,g,P48+ZTF,58599.2523843,21.4641751988413,0.172457610184376,False
80,r,P48+ZTF,58740.2639815,18.4007245550281,0.075815678821659,False
81,r,P48+ZTF,58641.3326389,18.4343293742494,0.012702411674851,False
82,r,P48+ZTF,58740.2630787,18.3313106149996,0.065867470155617,False
83,g,P48+ZTF,58608.4031713,20.1936138236146,0.069332711913599,False
84,g,P48+ZTF,58645.407963,18.3402623978567,0.012755791429825,False
85,r,P48+ZTF,58638.288287,18.4650330206852,0.01410525388716,False
86,r,P48+ZTF,58669.3280903,18.1371873228692,0.01046058547497,False
87,r,P48+ZTF,58646.2513079,18.2994461051882,0.019036700485323,False
88,r,P48+ZTF,58644.2973958,18.2715032816669,0.016287496783241,False
89,i,P48+ZTF,59053.2529051,18.8538188605086,0.032208322985989,False
90,r,P48+ZTF,58608.3591319,20.0402124485418,0.092534056636458,False
91,g,P48+ZTF,58727.1492593,18.4120958570319,0.016760115176968,False
92,g,P48+ZTF,58647.3385995,18.3399996061093,0.023510032844298,False
93,i,P48+ZTF,59041.1712616,18.8643406977954,0.048490373246502,False
94,i,P48+ZTF,58675.2184954,17.977391468661,0.019153187172174,False
95,i,P48+ZTF,58719.163125,17.9506739369216,0.018249078586984,False
96,g,P48+ZTF,58643.4266782,18.4806905747024,0.018244955468802,False
97,g,P48+ZTF,58637.2663079,18.5609861016808,0.014820036560884,False
98,g,P48+ZTF,58638.3517014,18.5284467119217,0.014589508129166,False
99,r,P48+ZTF,58645.3146065,18.316052745638,0.018374560380908,False
100,r,P48+ZTF,58678.2132986,18.1440888764138,0.020730627759105,False
101,r,P48+ZTF,58605.4004282,20.5093113853941,0.102443555470728,False
102,i,P48+ZTF,59045.3078241,18.8706688060302,0.038392747303381,False
103,i,P48+ZTF,58633.2830556,18.5712675146048,0.034517118179444,False
104,g,P48+ZTF,58643.333287,18.4409055593444,0.015741852031428,False
105,g,P48+ZTF,58741.1302083,18.5406787357572,0.035372809026433,False
106,i,P48+ZTF,59015.372581,18.7908711766807,0.031047566889927,False
107,r,P48+ZTF,58663.3172338,18.1435678692774,0.013062018615118,False
108,g,P48+ZTF,58658.2168981,18.2860854539368,0.012636982919174,False
109,r,P48+ZTF,58663.3039005,18.103553300134,0.010975647672821,False
110,r,P48+ZTF,58795.0777431,18.5236440896718,0.051146098214372,False
111,g,P48+ZTF,58646.3185301,18.3681615319396,0.025756700543178,False
112,g,P48+ZTF,58657.2373727,18.3043636454431,0.0134555271035,False
113,g,P48+ZTF,58733.1693519,18.4730587202389,0.026550029822446,False
114,i,P48+ZTF,58616.3191088,19.3414065707707,0.063880518652094,False
115,i,P48+ZTF,58751.1200347,18.193515954278,0.032491640584044,False
116,g,P48+ZTF,58641.2112384,18.5336343229152,0.020592935761118,False
117,g,P48+ZTF,58647.3695602,18.3975275102898,0.026396527620149,False
118,g,P48+ZTF,58718.1508796,18.3032397750985,0.014949124672063,False
119,g,P48+ZTF,58665.2132523,18.2859283557162,0.01139018132633,False
120,g,P48+ZTF,58705.2540741,18.1142832872629,0.020064231682496,False
121,g,P48+ZTF,58691.2275231,18.2320287424395,0.010967142686883,False
122,g,P48+ZTF,58666.2345949,18.3078728017739,0.012372553939251,False
123,g,P48+ZTF,58709.1699769,18.2084200983032,0.024777532533372,False
124,g,P48+ZTF,58657.2350694,18.3059935243841,0.013664527059685,False
125,g,P48+ZTF,58681.1856019,18.2253938663148,0.031738751588222,False
126,r,P48+ZTF,58775.1026042,18.5002303813793,0.024103693232916,False
127,g,P48+ZTF,58727.1702778,18.423329876784,0.015275421347161,False
128,g,P48+ZTF,58639.2565046,18.4730790407999,0.01465854902532,False
129,g,P48+ZTF,58697.2069676,18.2072903997461,0.011282750046429,False
130,r,P48+ZTF,58666.2538542,18.1893486024027,0.012186928780736,False
131,r,P48+ZTF,58654.2123264,18.2123754815269,0.013560370799453,False
132,i,P48+ZTF,58652.2564236,18.1928010010693,0.03545752393197,False
133,r,P48+ZTF,58642.2449769,18.3599665246227,0.013496334940109,False
134,r,P48+ZTF,58657.3823495,18.2314389399334,0.020085506501845,False
135,r,P48+ZTF,58761.1200116,18.5042384203607,0.025793255876078,False
136,i,P48+ZTF,58640.2980208,18.3566607355019,0.023118290549215,False
137,r,P48+ZTF,58663.3025116,18.1637103924375,0.012884367445411,False
138,i,P48+ZTF,58663.1844676,18.0807406807619,0.022343659653773,False
139,g,P48+ZTF,58600.39875,21.1410806069293,0.143374553696419,False
140,g,P48+ZTF,58764.1999769,18.6637674741285,0.068055514034497,False
141,i,P48+ZTF,58986.333912,18.5859403866756,0.026040142827134,False
142,g,P48+ZTF,58640.3350231,18.4616263455251,0.011696075266319,False
143,i,P48+ZTF,59093.2382407,19.0616131593262,0.075164992152396,False
144,g,P48+ZTF,58632.4251389,18.6581162722429,0.019148288798179,False
145,g,P48+ZTF,58618.4412384,19.0865459373828,0.154032500088044,False
146,g,P48+ZTF,58732.1691435,18.5005633384441,0.025002822676226,False
147,r,P48+ZTF,58646.276713,18.3307030090044,0.023907531935878,False
148,i,P48+ZTF,59072.2597917,18.8975110706568,0.039617454685181,False
149,g,P48+ZTF,58708.1516782,18.1152572046736,0.026714787753411,False
150,g,P48+ZTF,58685.1688889,18.2569954545286,0.017143081891873,False
151,r,P48+ZTF,58657.3428588,18.2382663409072,0.016323921030139,False
152,g,P48+ZTF,58747.130544,18.6378140033455,0.021911077632142,False
153,r,P48+ZTF,58675.2328588,18.0981965967181,0.016362518367052,False
154,g,P48+ZTF,58690.1909954,18.243435111777,0.011948655329853,False
155,g,P48+ZTF,58733.2087037,18.4986469355038,0.030570449066127,False
156,i,P48+ZTF,59049.2674769,18.8249238845468,0.028351448543557,False
157,r,P48+ZTF,58618.233912,19.4939354138605,0.093176791367427,False
158,r,P48+ZTF,58605.4197338,20.6439491810824,0.157298345428609,False
159,g,P48+ZTF,58616.4843866,19.4046478132618,0.044380495250966,False
160,g,P48+ZTF,58637.4413426,18.5180103302841,0.014512913737578,False
161,g,P48+ZTF,58638.3578819,18.5381483142538,0.013941946751056,False
162,g,P48+ZTF,58775.1121528,18.7400065009892,0.028192615966104,False
163,g,P48+ZTF,58697.2055556,18.2206377494232,0.011690001748614,False
164,r,P48+ZTF,58644.2964352,18.3642710635823,0.020756751815038,False
165,r,P48+ZTF,58657.3437731,18.1577044951864,0.018145354409238,False
166,i,P48+ZTF,59084.2153472,19.0602816160679,0.064960963718901,False
167,g,P48+ZTF,58739.1212269,18.5561765309164,0.052383616325053,False
168,g,P48+ZTF,58667.3191319,18.2798758439076,0.011631564187792,False
169,r,P48+ZTF,58700.1740162,18.0184281929209,0.011353158434557,False
170,g,P48+ZTF,58708.171956,18.2310247591864,0.024658295075338,False
171,r,P48+ZTF,58642.2783102,18.3892369781968,0.013089988680725,False
172,g,P48+ZTF,58640.3577546,18.4711747579648,0.014166874422264,False
173,g,P48+ZTF,58617.4429167,19.3985281216448,0.027513362859606,False
174,g,P48+ZTF,58681.2098727,18.2682429396375,0.034469299568716,False
175,g,P48+ZTF,58645.2484259,18.3670517753493,0.021398676284159,False
176,g,P48+ZTF,58632.3366551,18.6436420848975,0.015585618271669,False
177,i,P48+ZTF,58962.433287,18.585921240758,0.037750671335692,False
178,g,P48+ZTF,58690.276331,18.2293480170381,0.011308999042111,False
179,i,P48+ZTF,59019.2974074,18.8689965786702,0.036543280436455,False
180,r,P48+ZTF,58628.376331,18.7342943004442,0.023784759167726,False
181,i,P48+ZTF,59032.2722222,18.8299108436347,0.04319422939231,False
182,r,P48+ZTF,58697.1680324,18.0268562706271,0.010969267462685,False
183,g,P48+ZTF,58675.2971644,18.2305380181757,0.019929459760341,False
184,r,P48+ZTF,58639.2975,18.4514088514859,0.017073425045984,False
185,g,P48+ZTF,58743.1448727,18.5987239074846,0.021594255140052,False
186,g,P48+ZTF,58675.3100579,18.294388017452,0.020267951972972,False
187,r,P48+ZTF,58637.315706,18.5079391006105,0.016372629182016,False
188,g,P48+ZTF,58674.1918519,18.2455620759056,0.017659799763845,False
189,r,P48+ZTF,58612.4616551,19.8036910670395,0.042755487143665,False
190,g,P48+ZTF,58647.2163773,18.3696863104871,0.028046229842518,False
191,g,P48+ZTF,58600.3937269,21.3414083254062,0.182775604429015,False
192,r,P48+ZTF,58653.2252894,18.1872605368521,0.022453463912965,False
193,r,P48+ZTF,58711.2843171,18.0902414515639,0.028622359372918,False
194,i,P48+ZTF,58976.4196528,18.6184067872324,0.061931383772277,False
195,g,P48+ZTF,58699.2025926,18.2227390220701,0.011781106679259,False
196,r,P48+ZTF,58672.2290625,18.166790033217,0.01322719097703,False
197,g,P48+ZTF,58750.1359606,18.6343319722291,0.03102631076177,False
198,r,P48+ZTF,58677.236169,18.221317532646,0.025092304288292,False
199,r,P48+ZTF,58674.2284606,18.1630724619024,0.017720399593586,False
200,r,P48+ZTF,58792.1100694,18.5386632432876,0.058862761741294,False
201,g,P48+ZTF,58616.4565741,19.4333909385548,0.030832559279692,False
202,r,P48+ZTF,58674.2112037,18.1715354770343,0.021613202317651,False
203,g,P48+ZTF,58693.2370139,18.2372598072442,0.014472584723099,False
204,r,P48+ZTF,58641.3335995,18.3943781245229,0.011407746787872,False
205,r,P48+ZTF,58732.2116898,18.2335211435729,0.027741176855806,False
206,g,P48+ZTF,58686.2856366,18.2828448924922,0.016319366610231,False
207,i,P48+ZTF,59024.3198843,18.7460199372943,0.044860077474025,False
208,g,P48+ZTF,58639.4554977,18.4864094175143,0.012697173257281,False
209,r,P48+ZTF,58661.3060995,18.1670471767743,0.012375768275955,False
210,r,P48+ZTF,58616.3771065,19.3508019632495,0.036844495679115,False
211,g,P48+ZTF,58711.2402199,18.2553137417567,0.028346345898656,False
212,r,P48+ZTF,58600.4695833,21.1374673818985,0.166112300640484,False
213,i,P48+ZTF,58671.1821412,17.9773877310927,0.018687381323453,False
214,r,P48+ZTF,58608.3406019,20.0695524602072,0.111703394915653,False
215,r,P48+ZTF,58644.2768056,18.3053970125113,0.015964590600888,False
216,g,P48+ZTF,58685.2061921,18.2805895313869,0.012273645968899,False
217,g,P48+ZTF,58632.4390046,18.7573993044963,0.023791789588901,False
218,i,P48+ZTF,59076.2272917,18.889988799136,0.039659953908484,False
219,r,P48+ZTF,58675.2452778,18.1559053591401,0.018037921312119,False
220,r,P48+ZTF,58668.3209722,18.1409799426759,0.012211104855613,False
221,g,P48+ZTF,58716.2646412,18.2639999559477,0.029906749908043,False
222,r,P48+ZTF,58632.3005787,18.6799012358973,0.021739860625333,False
223,r,P48+ZTF,58634.3540625,18.6534400048146,0.017745449426375,False
224,i,P48+ZTF,58636.2983333,18.4776226322694,0.026097751420051,False
225,g,P48+ZTF,58712.1475463,18.2283673037224,0.020015443713199,False
226,r,P48+ZTF,58617.3378704,19.1984335255116,0.042395608581534,False
227,g,P48+ZTF,58694.2278125,18.2447249864128,0.011197850243802,False
228,r,P48+ZTF,58643.2948032,18.3485545115515,0.019901198996695,False
229,r,P48+ZTF,58642.2711111,18.4171272558733,0.01355657894116,False
230,g,P48+ZTF,58740.145706,18.5288777958286,0.047324290255199,False
231,g,P48+ZTF,58650.2134028,18.3348439387014,0.038469412482151,False
232,g,P48+ZTF,58743.1219097,18.5562316032703,0.023855120016355,False
233,g,P48+ZTF,58741.1218519,18.5726559335644,0.034636004157363,False
234,g,P48+ZTF,58608.3175116,20.1918295624513,0.087119819084955,False
235,g,P48+ZTF,58672.3310069,18.3007656555387,0.011133186731365,False
236,i,P48+ZTF,58980.3760185,18.6403427005491,0.041898149048625,False
237,r,P48+ZTF,58681.2686806,18.1116567865185,0.026885799012933,False
238,r,P48+ZTF,58635.2856944,18.574868638932,0.013874798603521,False
239,g,P48+ZTF,58732.1479745,18.4995375753058,0.024854460405835,False
240,g,P48+ZTF,58607.4359954,20.2607067104819,0.0626808308153,False
241,g,P48+ZTF,58718.1753241,18.259809243743,0.012723617045735,False
242,g,P48+ZTF,58729.1333218,18.4900950292939,0.079965575080658,False
243,r,P48+ZTF,58617.3178704,19.2296751752466,0.042093357973591,False
244,g,P48+ZTF,58644.2139931,18.4373087462209,0.018800451582792,False
245,r,P48+ZTF,58608.3577431,19.9804127094561,0.101026433274564,False
246,g,P48+ZTF,58725.1723264,18.3941620096483,0.020792109243709,False
247,g,P48+ZTF,58785.1150116,18.756471385671,0.039370918735313,False
248,r,P48+ZTF,58661.3159028,18.2084489198229,0.012230865388317,False
249,r,P48+ZTF,58638.2892014,18.4757082004784,0.015587161058508,False
250,i,P48+ZTF,58627.453912,18.8489398566239,0.038525194694618,False
251,r,P48+ZTF,58742.1204514,18.2068221369953,0.041640762813162,False
252,g,P48+ZTF,58795.1097917,18.7682626791894,0.086547992880007,False
253,g,P48+ZTF,58738.1211806,18.5750126303697,0.057784088643837,False
254,r,P48+ZTF,58632.3305208,18.6667781812429,0.02113239274314,False
255,i,P48+ZTF,58747.1125694,18.1073002849148,0.056933594010201,False
256,r,P48+ZTF,58608.3795718,20.192786800817,0.154460602652167,False
257,g,P48+ZTF,58724.1846528,18.3800702983524,0.012679244784397,False
258,r,P48+ZTF,58639.3164583,18.4265851729888,0.019569335728638,False
259,g,P48+ZTF,58714.149838,18.2318579037727,0.018617597785455,False
260,r,P48+ZTF,58655.2106597,18.2945136445183,0.020026325832669,False
261,g,P48+ZTF,58635.4209838,18.5886380847353,0.013315259323633,False
262,g,P48+ZTF,58718.2672106,18.2522687283554,0.013714994654381,False
263,r,P48+ZTF,58702.1704051,18.0683910698139,0.079289499425644,False
264,r,P48+ZTF,58619.3503935,19.1587712003273,0.104550659928347,False
265,g,P48+ZTF,58682.1926852,18.2981659508797,0.024225742356082,False
266,g,P48+ZTF,58685.291412,18.2443397049521,0.01883976669646,False
267,r,P48+ZTF,58628.3596065,18.7583367630072,0.024047225405463,False
268,r,P48+ZTF,58654.3585417,18.2789472850248,0.026980685482548,False
269,g,P48+ZTF,58778.1221644,18.8032155202311,0.040766121795067,False
270,g,P48+ZTF,58737.1303819,18.5591862721456,0.039265717305208,False
271,g,P48+ZTF,58684.2111806,18.2977384159427,0.013867595381219,False
272,i,P48+ZTF,58997.3164583,18.6197247346215,0.03009481944109,False
273,g,P48+ZTF,58686.2085648,18.2492745507354,0.010496929925034,False
274,r,P48+ZTF,58607.3615509,20.1463187595633,0.062394250569195,False
275,i,P48+ZTF,58971.4614815,18.6642851394753,0.031059408324391,False
276,r,P48+ZTF,58672.2065278,18.1402797163148,0.013010457038406,False
277,r,P48+ZTF,58618.3566898,19.2508636388374,0.054436323884411,False
278,g,P48+ZTF,58698.1931134,18.1922807532992,0.016036846287543,False
279,i,P48+ZTF,58733.1451736,18.0389857644243,0.020305522798341,False
280,g,P48+ZTF,58605.4842593,20.4248741701052,0.10180205805442,False
281,g,P48+ZTF,58732.1433449,18.4333402870811,0.022779099887689,False
282,r,P48+ZTF,58685.3234144,18.1088670385155,0.016753560023807,False
283,g,P48+ZTF,58654.2979167,18.3097667547171,0.032917556934755,False
284,r,P48+ZTF,58670.3125926,18.1738533939972,0.012027443098245,False
285,r,P48+ZTF,58698.1588773,18.0722261795877,0.0370940589389,False
286,g,P48+ZTF,58670.282338,18.3025961743937,0.012146220502495,False
287,r,P48+ZTF,58647.2741319,18.2776783976988,0.023951811543391,False
288,r,P48+ZTF,58627.3956019,18.758213711682,0.025466495471503,False
289,r,P48+ZTF,58691.1911343,18.0816444259701,0.011743757612033,False
290,g,P48+ZTF,58728.1513079,18.4499688255368,0.015597371135664,False
291,g,P48+ZTF,58798.0992477,18.8757757905279,0.127881095640749,False
292,g,P48+ZTF,58641.2121528,18.469652927665,0.017898999595581,False
293,g,P48+ZTF,58635.4428125,18.610593266542,0.015301147208114,False
294,g,P48+ZTF,58647.3704861,18.3389212750112,0.022400390397013,False
295,g,P48+ZTF,58643.353287,18.4630892632516,0.014934690985475,False
296,g,P48+ZTF,58708.1728819,18.1444502155761,0.026221469295469,False
297,g,P48+ZTF,58608.4022685,20.2438475736666,0.084907338811121,False
298,g,P48+ZTF,58681.1906944,18.292590839417,0.036956056842395,False
299,g,P48+ZTF,58681.1865394,18.3207416254909,0.034768364061329,False
300,r,P48+ZTF,58696.3477778,18.0695663998717,0.013588494589818,False
301,g,P48+ZTF,58639.4313542,18.4958763177913,0.012868072399985,False
302,r,P48+ZTF,58737.1868287,18.3322716431834,0.036476411249681,False
303,i,P48+ZTF,58685.3056481,17.9397334625234,0.020322410807056,False
304,g,P48+ZTF,58607.4166204,20.3071811423881,0.069980608871082,False
305,r,P48+ZTF,58643.2557639,18.3455629179219,0.01625422241258,False
306,g,P48+ZTF,58771.1101736,18.7153766581937,0.057252112732705,False
307,r,P48+ZTF,58647.2750347,18.2556814153722,0.020185720936081,False
308,g,P48+ZTF,58674.3544676,18.2689281053403,0.012652105691576,False
309,g,P48+ZTF,58713.2279167,18.5437541442331,0.186180142988486,False
310,g,P48+ZTF,58734.1871296,18.5839359493501,0.043051463353782,False
311,r,P48+ZTF,58643.2781019,18.3413985790437,0.01801593462059,False
312,g,P48+ZTF,58672.3012847,18.2785191752314,0.009950512814951,False
313,g,P48+ZTF,58600.3997106,21.4072711792216,0.183018218899339,False
314,g,P48+ZTF,58712.1903935,18.1968875168768,0.02801380009141,False
315,g,P48+ZTF,58673.3193981,18.2783420961429,0.012081064479005,False
316,g,P48+ZTF,58644.3404167,18.3847153191111,0.014283189949927,False
317,r,P48+ZTF,58728.205162,18.1471189658477,0.015318206578857,False
318,i,P48+ZTF,59067.2321065,19.0271377205493,0.05127855886118,False
319,r,P48+ZTF,58655.1927546,18.2458393319842,0.016468523037486,False
320,g,P48+ZTF,58644.341331,18.3698144012255,0.014701941809567,False
321,g,P48+ZTF,58671.2839005,18.2787630787698,0.012585141733241,False
322,g,P48+ZTF,58711.2210532,18.2088144204036,0.02532358552418,False
323,r,P48+ZTF,58703.1685532,18.1491941185322,0.031058114973675,False
324,g,P48+ZTF,58618.4196181,19.0902815379006,0.092122523119228,False
325,g,P48+ZTF,58678.2869676,18.3598586112941,0.033283029612294,False
326,g,P48+ZTF,58693.288044,18.2436364215989,0.013510536623199,False
327,g,P48+ZTF,58743.1204514,18.5815520768247,0.026114462855426,False
328,g,P48+ZTF,58635.475162,18.5729396585764,0.028092625898379,False
329,g,P48+ZTF,58716.1855093,18.2607277208478,0.012337067722812,False
330,g,P48+ZTF,58740.1226273,18.4804361136248,0.041513660306314,False
331,g,P48+ZTF,58655.2727894,18.3631303351386,0.036036760063076,False
332,g,P48+ZTF,58789.1253241,18.9012514636891,0.088724734171948,False
333,r,P48+ZTF,58695.2337731,18.197126173507,0.014431003394102,False
334,i,P48+ZTF,58953.4600694,18.5453057282729,0.045221922189424,False
335,g,P48+ZTF,58734.208588,18.5103222071501,0.038582235140392,False
336,g,P48+ZTF,58712.1731019,18.2333407606856,0.022746425843537,False
337,r,P48+ZTF,58682.2822917,18.1000097214431,0.018051221288841,False
338,r,P48+ZTF,58733.2480208,18.2796769870825,0.029505210370589,False
339,g,P48+ZTF,58641.2345023,18.3653219352983,0.030180217402853,False
340,i,P48+ZTF,59063.2108102,18.9556370053239,0.056369871343052,False
341,i,P48+ZTF,58667.1803009,18.0786685001892,0.021755996705262,False
342,g,P48+ZTF,58699.180787,18.1802606000843,0.01334365520993,False
343,g,P48+ZTF,58617.4201968,19.303510841793,0.035292003288856,False
344,g,P48+ZTF,58738.1336574,18.5186844719489,0.040684830476781,False
345,i,P48+ZTF,58966.4845023,18.5225017211443,0.024635809817332,False
346,r,P48+ZTF,58640.2553935,18.3947508361695,0.014830996618863,False
347,i,P48+ZTF,58991.3358681,18.6210823221445,0.037911401802175,False
348,r,P48+ZTF,58646.3086574,18.2639936217687,0.036638925178219,False
349,g,P48+ZTF,58682.1877662,18.2880136517169,0.020669098641423,False
350,g,P48+ZTF,58642.4169444,18.4458963058141,0.011142690201972,False
351,i,P48+ZTF,59088.1908796,18.9741552452085,0.064934253615914,False
352,g,P48+ZTF,58725.165706,18.3724210136864,0.024275876444151,False
353,i,P48+ZTF,58659.1799653,18.1637860766175,0.025385989723502,False
354,g,P48+ZTF,58673.3099306,18.3069920811756,0.013542038054957,False
355,g,P48+ZTF,58682.2109954,18.306638836569,0.024018475371407,False
356,r,P48+ZTF,58709.2565972,18.011304673813,0.021479977547032,False
357,r,P48+ZTF,58654.3506366,18.2897893342782,0.030310392196527,False
358,r,P48+ZTF,58640.2798843,18.4030726156953,0.013700927460892,False
359,r,P48+ZTF,58678.2301736,18.1626502287606,0.02296264909149,False
360,r,P48+ZTF,58728.2348495,18.3013324621313,0.021946606064944,False
361,g,P48+ZTF,58700.2569907,18.1963980902763,0.01316690365477,False
362,g,P48+ZTF,58617.4154398,19.3803195779574,0.041107483625453,False
363,r,P48+ZTF,59001.2934028,19.2848809224395,0.017261569233363,False
364,r,P48+ZTF,58616.3966204,19.3666089011618,0.032317375284835,False
365,g,P48+ZTF,58718.1743981,18.2549631082976,0.012049229800918,False
366,r,P48+ZTF,58638.2681713,18.4901921186013,0.014576722611419,False
367,r,P48+ZTF,58654.3430324,18.2462245721003,0.022904352034525,False
368,r,P48+ZTF,58686.3058796,18.1209335983053,0.015563915034223,False
369,r,P48+ZTF,58691.1868519,18.1063119748622,0.010845268304975,False
370,r,P48+ZTF,58633.3536458,18.6555817220729,0.018890138123576,False
371,r,P48+ZTF,58635.2866088,18.5256392659251,0.013492869288196,False
372,r,P48+ZTF,58612.4221,19.8866329193115,0.184791877865791,True
373,g,P48+ZTF,58642.3871,18.4279155731201,0.0593221783638,True
374,g,P48+ZTF,58657.2155,18.3060398101807,0.070372961461544,True
375,r,P48+ZTF,58734.1446,18.3383331298828,0.065493896603584,True
376,r,P48+ZTF,58873.5351,18.7113246917725,0.091891415417194,True
377,g,P48+ZTF,58876.5363,18.8816738128662,0.125043302774429,True
378,r,P48+ZTF,58876.5746,18.7149257659912,0.098989143967629,True
379,g,P48+ZTF,58885.4668,18.9003200531006,0.216216951608658,True
380,r,P48+ZTF,58885.5435,18.7007350921631,0.12035059928894,True
381,g,P48+ZTF,58891.4747,18.9123802185059,0.170544385910034,True
382,r,P48+ZTF,58894.5409,18.6067943572998,0.076786175370216,True
383,g,P48+ZTF,58894.5593,18.8210334777832,0.128280073404312,True
384,r,P48+ZTF,58898.5238,18.6216602325439,0.078547649085522,True
385,g,P48+ZTF,58898.5617,18.9047183990479,0.105439603328705,True
386,r,P48+ZTF,58904.5242,18.6890182495117,0.101750761270523,True
387,g,P48+ZTF,58904.5525,18.8772258758545,0.128000721335411,True
388,r,P48+ZTF,58908.5139,18.6689586639404,0.082561694085598,True
389,r,P48+ZTF,58911.5038,18.7776470184326,0.101841039955616,True
390,g,P48+ZTF,58911.5374,18.9522438049316,0.115087881684303,True
391,g,P48+ZTF,58914.4641,18.9208030700684,0.113409467041492,True
392,r,P48+ZTF,58914.536,18.7483577728271,0.083210095763207,True
393,g,P48+ZTF,58936.4984,19.0855922698975,0.12088655680418,True
394,r,P48+ZTF,58936.507,18.7878437042236,0.104847818613052,True
395,g,P48+ZTF,58943.4437,19.116340637207,0.155736654996872,True
396,r,P48+ZTF,58943.4815,18.8247528076172,0.098980031907559,True
397,r,P48+ZTF,58953.4565,18.8984775543213,0.095711007714272,True
398,g,P48+ZTF,58954.4326,19.1530132293701,0.13044685125351,True
399,r,P48+ZTF,58956.4855,19.3025531768799,0.210133537650108,True
400,r,P48+ZTF,58961.458,18.9028987884521,0.101044021546841,True
401,g,P48+ZTF,58964.3825,19.2075748443604,0.104169555008411,True
402,r,P48+ZTF,58964.4227,18.9581909179687,0.084634274244309,True
403,r,P48+ZTF,58967.3831,18.9826507568359,0.103134587407112,True
404,g,P48+ZTF,58967.4363,19.2910575866699,0.155159533023834,True
405,r,P48+ZTF,58970.4143,19.060546875,0.100534006953239,True
406,g,P48+ZTF,58970.4645,19.3036651611328,0.109411172568798,True
407,r,P48+ZTF,58973.354,18.958194732666,0.113754563033581,True
408,g,P48+ZTF,58973.4642,19.2997360229492,0.111958838999271,True
409,r,P48+ZTF,58980.3144,19.0509738922119,0.121105633676052,True
410,g,P48+ZTF,58980.3986,19.3022155761719,0.179614931344986,True
411,r,P48+ZTF,58984.4021,19.0953025817871,0.093585468828678,True
412,r,P48+ZTF,58985.3781,19.055046081543,0.109918937087059,True
413,g,P48+ZTF,58985.4211,19.4013423919678,0.132178291678429,True
414,r,P48+ZTF,58986.2952,19.0800647735596,0.092394001781941,True
415,g,P48+ZTF,58986.3967,19.3045387268066,0.0849539488554,True
416,r,P48+ZTF,58987.3315,19.0966606140137,0.088956363499165,True
417,g,P48+ZTF,58987.43,19.3952674865723,0.113494448363781,True
418,r,P48+ZTF,58991.2731,19.0154914855957,0.100052058696747,True
419,g,P48+ZTF,58991.3187,19.3287162780762,0.10843363404274,True
420,r,P48+ZTF,58992.294,19.02659034729,0.083128318190575,True
421,g,P48+ZTF,58992.333,19.3431358337402,0.118590399622917,True
422,g,P48+ZTF,58994.415,19.32004737854,0.109813064336777,True
423,r,P48+ZTF,58995.2751,19.0770568847656,0.081011794507504,True
424,g,P48+ZTF,58995.3201,19.3701286315918,0.114074632525444,True
425,r,P48+ZTF,58996.3103,19.135763168335,0.08943222463131,True
426,r,P48+ZTF,58997.2986,19.156343460083,0.084589578211308,True
427,g,P48+ZTF,58997.3831,19.4333839416504,0.092757895588875,True
428,g,P48+ZTF,58998.3626,19.3417720794678,0.100830979645252,True
429,r,P48+ZTF,58999.3367,19.1205024719238,0.112032152712345,True
430,g,P48+ZTF,58999.401,19.378023147583,0.142107710242271,True
431,r,P48+ZTF,59000.3943,19.0990676879883,0.109775111079216,True
432,g,P48+ZTF,59001.3932,19.3484592437744,0.144902929663658,True
433,g,P48+ZTF,59004.2213,19.236608505249,0.212668374180794,True
434,r,P48+ZTF,59004.2875,19.1481094360352,0.131881445646286,True
435,r,P48+ZTF,59009.3622,19.2129573822021,0.157337591052055,True
436,g,P48+ZTF,59012.3125,19.445821762085,0.104352012276649,True
437,g,P48+ZTF,59015.3097,19.5540142059326,0.138564169406891,True
438,r,P48+ZTF,59015.3176,19.1404476165771,0.118300549685955,True
439,g,P48+ZTF,59018.3389,19.5337562561035,0.126545205712318,True
440,r,P48+ZTF,59024.2424,19.1614608764648,0.088677421212196,True
441,g,P48+ZTF,59027.2364,19.5465965270996,0.158100605010986,True
442,r,P48+ZTF,59027.2882,19.1741371154785,0.095006495714188,True
443,g,P48+ZTF,59030.3505,19.559944152832,0.190661877393723,True
444,r,P48+ZTF,59033.3323,19.3550186157227,0.18919076025486,True
445,r,P48+ZTF,59036.2763,19.2751979827881,0.11707903444767,True
446,g,P48+ZTF,59039.1912,19.5324020385742,0.119502723217011,True
447,r,P48+ZTF,59039.2342,19.3281230926514,0.096195034682751,True
448,r,P48+ZTF,59039.3095,19.2896213531494,0.104557558894157,True
449,r,P48+ZTF,59042.2493,19.2045440673828,0.110428869724274,True
450,g,P48+ZTF,59042.3013,19.5571899414063,0.128258243203163,True
451,r,P48+ZTF,59045.2293,19.222843170166,0.10296007245779,True
452,g,P48+ZTF,59045.2615,19.5088405609131,0.128897652029991,True
453,r,P48+ZTF,59048.2474,19.2994556427002,0.109246432781219,True
454,g,P48+ZTF,59051.3122,19.5558834075928,0.11522863060236,True
455,g,P48+ZTF,59054.2899,19.5808658599854,0.131432041525841,True
456,r,P48+ZTF,59054.3521,19.2404556274414,0.101610980927944,True
457,g,P48+ZTF,59057.2695,19.6476306915283,0.13689923286438,True
458,r,P48+ZTF,59057.3328,19.3309803009033,0.120247527956963,True
459,r,P48+ZTF,59063.1874,19.3601493835449,0.169910952448845,True
460,r,P48+ZTF,59066.2383,19.4079189300537,0.162242949008942,True
461,g,P48+ZTF,59069.177,19.7343330383301,0.141685709357262,True
462,r,P48+ZTF,59069.2167,19.5458278656006,0.09999330341816,True
463,r,P48+ZTF,59072.1926,19.3169097900391,0.135798111557961,True
464,g,P48+ZTF,59072.2274,19.6127700805664,0.139196440577507,True
465,g,P48+ZTF,59075.193,19.6571464538574,0.173046007752419,True
466,r,P48+ZTF,59075.2159,19.4229278564453,0.11426343023777,True
467,r,P48+ZTF,59078.1848,19.5408020019531,0.132103890180588,True
468,g,P48+ZTF,59078.2081,19.7304058074951,0.157952383160591,True
469,r,P48+ZTF,59081.2038,19.3965091705322,0.143906578421593,True
470,g,P48+ZTF,59081.2347,19.6993637084961,0.169093802571297,True
471,r,P48+ZTF,59095.1549,19.570629119873,0.15443317592144,True
472,i,P48+ZTF,59096.2272,19.1049976348877,0.094768069684506,True
473,i,P48+ZTF,59096.2435,19.0617866516113,0.106225490570068,True
474,r,P48+ZTF,58612.4221,19.8866004943848,0.184791997075081,True
475,r,P48+ZTF,58612.4221,19.8866004943848,0.184791997075081,True
476,g,P48+ZTF,58642.3871,18.4279003143311,0.059321999549866,True
477,g,P48+ZTF,58642.3871,18.4279003143311,0.059321999549866,True
478,g,P48+ZTF,58657.2155,18.3059997558594,0.070372998714447,True
479,g,P48+ZTF,58657.2155,18.3059997558594,0.070372998714447,True
480,g,P48+ZTF,58691.2266,18.2751007080078,0.068911999464035,True
481,r,P48+ZTF,58734.1446,18.3383007049561,0.065494000911713,True
482,r,P48+ZTF,58734.1446,18.3383007049561,0.065494000911713,True
483,g,P48+ZTF,58851.5497,18.9270000457764,0.352880001068115,True
484,g,P48+ZTF,58854.5587,18.8474006652832,0.210095003247261,True
485,r,P48+ZTF,58873.5351,18.7112998962402,0.091890998184681,True
486,g,P48+ZTF,58876.5363,18.8817005157471,0.125043004751205,True
487,g,P48+ZTF,58876.5363,18.8854007720947,0.124054998159409,True
488,r,P48+ZTF,58876.5746,18.7148990631104,0.098989002406597,True
489,g,P48+ZTF,58879.5046,18.9419002532959,0.189275994896889,True
490,r,P48+ZTF,58879.5409,18.7061004638672,0.200289994478226,True
491,g,P48+ZTF,58885.4668,18.9002990722656,0.216216996312141,True
492,g,P48+ZTF,58885.4668,18.9002990722656,0.216216996312141,True
493,r,P48+ZTF,58885.5435,18.7007007598877,0.120351001620293,True
494,r,P48+ZTF,58888.5103,18.8377990722656,0.218592002987862,True
495,g,P48+ZTF,58891.4747,18.9123992919922,0.170543998479843,True
496,r,P48+ZTF,58894.5409,18.6068000793457,0.076785996556282,True
497,r,P48+ZTF,58894.5409,18.6068000793457,0.076785996556282,True
498,g,P48+ZTF,58894.5593,18.8209991455078,0.128279998898506,True
499,r,P48+ZTF,58898.5238,18.6217002868652,0.07854799926281,True
500,r,P48+ZTF,58898.5238,18.6217002868652,0.07854799926281,True
501,g,P48+ZTF,58898.5617,18.9046993255615,0.105439998209476,True
502,r,P48+ZTF,58904.5242,18.6889991760254,0.101750999689102,True
503,r,P48+ZTF,58904.5242,18.6889991760254,0.101750999689102,True
504,g,P48+ZTF,58904.5525,18.8771991729736,0.128001004457474,True
505,r,P48+ZTF,58908.5139,18.6690006256104,0.082561999559403,True
506,r,P48+ZTF,58911.5038,18.7775993347168,0.101841002702713,True
507,r,P48+ZTF,58911.5038,18.7775993347168,0.101841002702713,True
508,g,P48+ZTF,58911.5374,18.9521999359131,0.115088000893593,True
509,g,P48+ZTF,58914.4641,18.9207992553711,0.113408997654915,True
510,r,P48+ZTF,58908.5139,18.6690006256104,0.082561999559403,True
511,g,P48+ZTF,58914.4641,18.9207992553711,0.113408997654915,True
512,r,P48+ZTF,58914.536,18.7483997344971,0.083209998905659,True
513,g,P48+ZTF,58936.4984,19.085599899292,0.120886996388435,True
514,g,P48+ZTF,58936.4984,19.085599899292,0.120886996388435,True
515,r,P48+ZTF,58936.507,18.7877998352051,0.104847997426987,True
516,g,P48+ZTF,58939.4656,18.6012992858887,0.255062013864517,True
517,g,P48+ZTF,58943.4437,19.1163005828857,0.155736997723579,True
518,g,P48+ZTF,58943.4437,19.1163005828857,0.155736997723579,True
519,r,P48+ZTF,58943.4815,18.824800491333,0.098980002105236,True
520,r,P48+ZTF,58953.4565,18.8985004425049,0.095711000263691,True
521,r,P48+ZTF,58953.4565,18.8985004425049,0.095711000263691,True
522,g,P48+ZTF,58954.4326,19.1529998779297,0.130447000265121,True
523,r,P48+ZTF,58956.4855,19.3026008605957,0.210133999586105,True
524,r,P48+ZTF,58961.458,18.9029006958008,0.101043999195099,True
525,g,P48+ZTF,58964.3825,19.2075996398926,0.104170002043247,True
526,g,P48+ZTF,58964.3825,19.2075996398926,0.104170002043247,True
527,r,P48+ZTF,58964.4227,18.9582004547119,0.084633998572826,True
528,r,P48+ZTF,58967.3831,18.9827003479004,0.103134997189045,True
529,r,P48+ZTF,58967.3831,18.9827003479004,0.103134997189045,True
530,g,P48+ZTF,58967.4363,19.2910995483398,0.155159994959831,True
531,r,P48+ZTF,58970.4143,19.0604991912842,0.100533999502659,True
532,r,P48+ZTF,58970.4143,19.0604991912842,0.100533999502659,True
533,g,P48+ZTF,58970.4645,19.3036994934082,0.109411001205444,True
534,r,P48+ZTF,58973.354,18.9582004547119,0.113755002617836,True
535,r,P48+ZTF,58973.354,18.9582004547119,0.113755002617836,True
536,g,P48+ZTF,58973.4642,19.2996997833252,0.111959002912045,True
537,r,P48+ZTF,58980.3144,19.0510005950928,0.121105998754501,True
538,r,P48+ZTF,58980.3144,19.0510005950928,0.121105998754501,True
539,g,P48+ZTF,58980.3986,19.3022003173828,0.179615005850792,True
540,r,P48+ZTF,58984.4021,19.0953006744385,0.093584999442101,True
541,r,P48+ZTF,58985.3781,19.0550003051758,0.109918996691704,True
542,r,P48+ZTF,58985.3781,19.0550003051758,0.109918996691704,True
543,g,P48+ZTF,58985.4211,19.4013004302979,0.132177993655205,True
544,r,P48+ZTF,58986.2952,19.080099105835,0.092394001781941,True
545,r,P48+ZTF,58986.2952,19.080099105835,0.092394001781941,True
546,g,P48+ZTF,58986.3967,19.304500579834,0.084954001009464,True
547,r,P48+ZTF,58987.3315,19.096700668335,0.088955998420715,True
548,r,P48+ZTF,58987.3315,19.096700668335,0.088955998420715,True
549,g,P48+ZTF,58987.43,19.395299911499,0.113494001328945,True
550,r,P48+ZTF,58991.2731,19.0154991149902,0.100051999092102,True
551,g,P48+ZTF,58991.3187,19.3286991119385,0.108433999121189,True
552,r,P48+ZTF,58991.2731,19.0154991149902,0.100051999092102,True
553,g,P48+ZTF,58991.3187,19.3286991119385,0.108433999121189,True
554,r,P48+ZTF,58992.294,19.0265998840332,0.083127997815609,True
555,r,P48+ZTF,58992.294,19.0265998840332,0.083127997815609,True
556,g,P48+ZTF,58992.333,19.3430995941162,0.118589997291565,True
557,g,P48+ZTF,58994.415,19.3199996948242,0.109812997281551,True
558,r,P48+ZTF,58995.2751,19.0771007537842,0.08101200312376,True
559,r,P48+ZTF,58995.2751,19.0771007537842,0.08101200312376,True
560,g,P48+ZTF,58995.3201,19.3701000213623,0.114074997603893,True
561,r,P48+ZTF,58996.3103,19.135799407959,0.089432001113892,True
562,r,P48+ZTF,58997.2986,19.1562995910645,0.084590002894402,True
563,r,P48+ZTF,58997.2986,19.1562995910645,0.084590002894402,True
564,g,P48+ZTF,58997.3831,19.4333992004395,0.092757999897003,True
565,g,P48+ZTF,58998.3626,19.3418006896973,0.100831001996994,True
566,r,P48+ZTF,58999.3367,19.1205005645752,0.112032003700733,True
567,r,P48+ZTF,58999.3367,19.1205005645752,0.112032003700733,True
568,g,P48+ZTF,58999.401,19.3780002593994,0.142107993364334,True
569,r,P48+ZTF,59000.3943,19.099100112915,0.109774999320507,True
570,g,P48+ZTF,59001.3932,19.3484992980957,0.144903004169464,True
571,g,P48+ZTF,59004.2213,19.2366008758545,0.212668001651764,True
572,g,P48+ZTF,59004.2213,19.2366008758545,0.212668001651764,True
573,r,P48+ZTF,59004.2875,19.148099899292,0.13188099861145,True
574,g,P48+ZTF,59005.2248,19.4162998199463,0.309601008892059,True
575,r,P48+ZTF,59009.3622,19.2129993438721,0.157337993383408,True
576,g,P48+ZTF,59012.3125,19.44580078125,0.104351997375488,True
577,g,P48+ZTF,59015.3097,19.5540008544922,0.138564005494118,True
578,r,P48+ZTF,59015.3176,19.1403999328613,0.118300996720791,True
579,g,P48+ZTF,59015.3097,19.5540008544922,0.138564005494118,True
580,r,P48+ZTF,59015.3176,19.1403999328613,0.118300996720791,True
581,g,P48+ZTF,59018.3389,19.5338001251221,0.126544997096062,True
582,r,P48+ZTF,59024.2424,19.1615009307861,0.088676996529102,True
583,g,P48+ZTF,59024.2906,19.4365997314453,0.220969006419182,True
584,r,P48+ZTF,59024.2424,19.1615009307861,0.088676996529102,True
585,g,P48+ZTF,59024.2906,19.4365997314453,0.220969006419182,True
586,g,P48+ZTF,59027.2364,19.5466003417969,0.158101007342339,True
587,g,P48+ZTF,59027.2364,19.5466003417969,0.158101007342339,True
588,r,P48+ZTF,59027.2882,19.1741008758545,0.095005996525288,True
589,g,P48+ZTF,59030.3505,19.5599002838135,0.190661996603012,True
590,r,P48+ZTF,59033.3323,19.3549995422363,0.189190998673439,True
591,g,P48+ZTF,59034.2285,19.6501007080078,0.235903993248939,True
592,r,P48+ZTF,59036.2763,19.2751998901367,0.117078997194767,True
593,r,P48+ZTF,59036.2763,19.2751998901367,0.117078997194767,True
594,g,P48+ZTF,59039.1912,19.5324001312256,0.119502998888493,True
595,r,P48+ZTF,59039.2342,19.3281002044678,0.096194997429848,True
596,g,P48+ZTF,59039.1912,19.5324001312256,0.119502998888493,True
597,r,P48+ZTF,59039.2342,19.3281002044678,0.096194997429848,True
598,r,P48+ZTF,59039.3095,19.2896003723145,0.104557998478413,True
599,r,P48+ZTF,59042.2493,19.2045001983643,0.110428996384144,True
600,r,P48+ZTF,59042.2493,19.2045001983643,0.110428996384144,True
601,g,P48+ZTF,59042.3013,19.5571994781494,0.128258004784584,True
602,r,P48+ZTF,59045.2293,19.2227993011475,0.102959997951984,True
603,g,P48+ZTF,59045.2615,19.5088005065918,0.128897994756699,True
604,r,P48+ZTF,59045.2293,19.2227993011475,0.102959997951984,True
605,g,P48+ZTF,59045.2615,19.5088005065918,0.128897994756699,True
606,r,P48+ZTF,59048.2474,19.2994995117187,0.109246000647545,True
607,r,P48+ZTF,59048.2474,19.2994995117187,0.109246000647545,True
608,g,P48+ZTF,59051.3122,19.5559005737305,0.11522900313139,True
609,g,P48+ZTF,59054.2899,19.5809001922607,0.131431996822357,True
610,r,P48+ZTF,59054.3521,19.24049949646,0.101611003279686,True
611,g,P48+ZTF,59054.2899,19.5809001922607,0.131431996822357,True
612,r,P48+ZTF,59054.3521,19.24049949646,0.101611003279686,True
613,g,P48+ZTF,59057.2695,19.6476001739502,0.136898994445801,True
614,g,P48+ZTF,59057.2695,19.6476001739502,0.136898994445801,True
615,r,P48+ZTF,59057.3328,19.3309993743896,0.12024799734354,True
616,r,P48+ZTF,59063.1874,19.3600997924805,0.169910997152329,True
617,g,P48+ZTF,59063.2328,19.7695999145508,0.240685001015663,True
618,r,P48+ZTF,59063.1874,19.3600997924805,0.169910997152329,True
619,g,P48+ZTF,59063.2328,19.7695999145508,0.240685001015663,True
620,g,P48+ZTF,59066.1938,19.8404006958008,0.227731004357338,True
621,g,P48+ZTF,59066.1938,19.8404006958008,0.227731004357338,True
622,r,P48+ZTF,59066.2383,19.4078998565674,0.162242993712425,True
623,g,P48+ZTF,59069.177,19.7343006134033,0.141686007380486,True
624,g,P48+ZTF,59069.177,19.7343006134033,0.141686007380486,True
625,r,P48+ZTF,59069.2167,19.5457992553711,0.099992997944355,True
626,r,P48+ZTF,59072.1926,19.3169002532959,0.135798007249832,True
627,g,P48+ZTF,59072.2274,19.6128005981445,0.139195993542671,True
628,r,P48+ZTF,59072.1926,19.3169002532959,0.135798007249832,True
629,g,P48+ZTF,59072.2274,19.6128005981445,0.139195993542671,True
630,g,P48+ZTF,59075.193,19.6571006774902,0.173045992851257,True
631,g,P48+ZTF,59075.193,19.6571006774902,0.173045992851257,True
632,r,P48+ZTF,59075.2159,19.4228992462158,0.114262998104095,True
633,r,P48+ZTF,59078.1848,19.5408000946045,0.132103994488716,True
634,r,P48+ZTF,59078.1848,19.5408000946045,0.132103994488716,True
635,g,P48+ZTF,59078.2081,19.7304000854492,0.1579519957304,True
636,r,P48+ZTF,59081.2038,19.3964996337891,0.143906995654106,True
637,g,P48+ZTF,59081.2347,19.6993999481201,0.169093996286392,True
638,r,P48+ZTF,59081.2038,19.3964996337891,0.143906995654106,True
639,g,P48+ZTF,59081.2347,19.6993999481201,0.169093996286392,True
640,r,P48+ZTF,59095.1549,19.5706005096436,0.154432997107506,True
641,g,P48+ZTF,59095.2047,19.4391002655029,0.256056994199753,True
642,r,P48+ZTF,59096.1946,19.6315002441406,0.15862600505352,True
643,i,P48+ZTF,59096.2272,19.1049995422363,0.09476800262928,True
644,UVW1,Swift,58659.7886999999,18.72,0.08,True
645,U,Swift,58659.7906999998,18.31,0.09,True
646,B,Swift,58659.7916999999,18.15,0.12,True
647,UVW2,Swift,58659.7928999998,19.09,0.08,True
648,UVW2,Swift,58659.7946000001,19.08,0.08,True
649,V,Swift,58659.7974999999,17.86,0.19,True
650,UVM2,Swift,58659.8018,19.02,0.07,True
651,UVW1,Swift,58672.4528000001,18.88,0.09,True
652,U,Swift,58672.4537999998,18.44,0.09,True
653,B,Swift,58672.4542999999,18.31,0.12,True
654,UVW2,Swift,58672.4555000002,19.48,0.09,True
655,V,Swift,58672.4569999999,17.75,0.16,True
656,UVM2,Swift,58672.4589,19.28,0.07,True
657,UVW1,Swift,58678.2672999999,19.11,0.11,True
658,U,Swift,58678.2681,18.5,0.11,True
659,B,Swift,58678.2686000001,17.9,0.11,True
660,UVW2,Swift,58678.2697999999,19.48,0.1,True
661,V,Swift,58678.2710000002,17.8,0.19,True
662,UVM2,Swift,58678.2727999999,19.45,0.09,True
663,B,Swift,58688.4100000002,18.09,0.18,True
664,UVW2,Swift,58688.4114000001,19.26,0.12,True
665,V,Swift,58688.4128000001,17.94,0.28,True
666,UVM2,Swift,58688.4147999999,19.26,0.12,True
667,UVW1,Swift,58688.4748,19.61,0.15,True
668,U,Swift,58688.4756999998,19.21,0.18,True
669,UVW1,Swift,58693.6875999998,18.7,0.07,True
670,U,Swift,58693.6894,18.5,0.09,True
671,B,Swift,58693.6900999998,18.05,0.1,True
672,UVW2,Swift,58693.6913999999,19.3,0.07,True
673,V,Swift,58693.6941,17.76,0.15,True
674,UVM2,Swift,58693.6957,19.09,0.07,True
675,UVW1,Swift,58705.7481,18.73,0.1,True
676,U,Swift,58705.7497,18.38,0.11,True
677,B,Swift,58705.7505000001,17.98,0.12,True
678,UVW2,Swift,58705.7527999999,19.29,0.09,True
679,V,Swift,58705.7552,17.64,0.18,True
680,UVM2,Swift,58705.7587000001,19.14,0.08,True
681,UVW1,Swift,58712.4134,18.88,0.1,True
682,U,Swift,58712.4142999998,18.61,0.14,True
683,B,Swift,58712.4147999999,18.48,0.2,True
684,UVW2,Swift,58712.4164999998,19.37,0.09,True
685,V,Swift,58712.4177999999,17.89,0.2,True
686,UVM2,Swift,58712.4199999999,19.16,0.08,True
687,B,Swift,58659.791781,18.242603,0.11717013,True
688,B,Swift,58672.454372,18.29212,0.1131583,True
689,B,Swift,58678.268666,17.97183,0.11200022,True
690,B,Swift,58683.763029,18.16819,0.18873303,True
691,B,Swift,58688.410061,18.263262,0.17922793,True
692,B,Swift,58693.690179,18.16728,0.10298708,True
693,B,Swift,58705.750576,18.100149,0.12102044,True
694,B,Swift,58707.273271,18.104937,0.10719431,True
695,B,Swift,58712.414918,18.425858,0.16117795,True
696,B,Swift,58719.556618,18.121798,0.18195246,True
697,B,Swift,58724.335726,18.095732,0.1223539,True
698,B,Swift,58729.581161,18.315672,0.20068169,True
699,B,Swift,58734.432284,18.19297,0.11346459,True
700,B,Swift,58750.429632,18.375969,0.12289985,True
701,UVM2,Swift,58659.801861,19.065607,0.086815946,True
702,UVM2,Swift,58672.459023,19.343756,0.087666035,True
703,UVM2,Swift,58678.272927,19.535786,0.10288633,True
704,UVM2,Swift,58683.76632,19.206392,0.15220675,True
705,UVM2,Swift,58688.41494,19.304686,0.12701605,True
706,UVM2,Swift,58693.695769,19.136242,0.081027955,True
707,UVM2,Swift,58705.75876,19.18705,0.097072586,True
708,UVM2,Swift,58707.284131,19.236713,0.088830806,True
709,UVM2,Swift,58712.420124,19.216602,0.094571538,True
710,UVM2,Swift,58719.560444,19.238426,0.13741647,True
711,UVM2,Swift,58724.341094,19.400576,0.092904948,True
712,UVM2,Swift,58729.918265,19.488274,0.13305801,True
713,UVM2,Swift,58734.443096,19.562826,0.09942431,True
714,UVM2,Swift,58750.434259,19.647606,0.084877223,True
715,UVM2,Swift,59007.690095,20.32732,0.15164712,True
716,UVW1,Swift,58659.788801,18.750013,0.096624143,True
717,UVW1,Swift,58672.452853,18.91057,0.096822955,True
718,UVW1,Swift,58678.267365,19.13899,0.12141421,True
719,UVW1,Swift,58683.830981,18.927662,0.10437633,True
720,UVW1,Swift,58688.408579,18.996994,0.15004952,True
721,UVW1,Swift,58693.687754,18.737217,0.086649477,True
722,UVW1,Swift,58705.748187,18.700977,0.10347875,True
723,UVW1,Swift,58707.270101,18.789179,0.096171208,True
724,UVW1,Swift,58712.413475,18.931499,0.10842649,True
725,UVW1,Swift,58719.555453,19.095551,0.1719958,True
726,UVW1,Swift,58724.334074,19.18919,0.11770212,True
727,UVW1,Swift,58729.579565,19.224297,0.12369327,True
728,UVW1,Swift,58734.429167,19.202446,0.12010989,True
729,UVW1,Swift,58750.428347,19.229052,0.099049374,True
730,UVW1,Swift,59007.690095,20.051571,0.14463167,True
731,UVW2,Swift,58659.794713,19.108751,0.093792677,True
732,UVW2,Swift,58672.45559,19.486481,0.10134917,True
733,UVW2,Swift,58678.269873,19.655743,0.12122616,True
734,UVW2,Swift,58683.764057,19.502901,0.16543466,True
735,UVW2,Swift,58688.411506,19.327896,0.13354847,True
736,UVW2,Swift,58693.691472,19.354584,0.09214019,True
737,UVW2,Swift,58705.752935,19.335875,0.10957572,True
738,UVW2,Swift,58707.276396,19.343969,0.099333458,True
739,UVW2,Swift,58712.416554,19.434927,0.10580643,True
740,UVW2,Swift,58719.557744,19.659048,0.17177425,True
741,UVW2,Swift,58724.337263,19.374479,0.101391,True
742,UVW2,Swift,58729.914907,19.694052,0.16817872,True
743,UVW2,Swift,58734.435356,19.791573,0.11743566,True
744,UVW2,Swift,58750.431,19.862637,0.1030604,True
745,UVW2,Swift,59007.690095,20.336237,0.11962118,True
746,U,Swift,58659.790769,18.325232,0.097748637,True
747,U,Swift,58672.453876,18.526505,0.10001575,True
748,U,Swift,58678.268222,18.555342,0.11753001,True
749,U,Swift,58683.762656,18.638399,0.18535799,True
750,U,Swift,58688.409546,18.42461,0.14733407,True
751,U,Swift,58693.689475,18.514759,0.095200911,True
752,U,Swift,58705.749763,18.391745,0.11087659,True
753,U,Swift,58707.272195,18.416176,0.099212125,True
754,U,Swift,58712.414395,18.559835,0.12345038,True
755,U,Swift,58719.55621,18.223999,0.14840581,True
756,U,Swift,58724.335168,18.43228,0.11010879,True
757,U,Swift,58729.580637,18.692541,0.13048047,True
758,U,Swift,58734.431226,18.488216,0.10414004,True
759,U,Swift,58750.429169,18.699741,0.10508538,True
760,U,Swift,59007.690095,19.535429,0.12017627,True
761,V,Swift,58659.797638,17.896246,0.1689634,True
762,V,Swift,58672.457141,18.104002,0.17872331,True
763,V,Swift,58678.271147,18.019234,0.20007767,True
764,V,Swift,58683.765071,18.002487,0.30967346,True
765,V,Swift,58688.412937,18.117838,0.27170774,True
766,V,Swift,58693.694219,17.826971,0.14086673,True
767,V,Swift,58705.755286,17.72427,0.17136867,True
768,V,Swift,58707.279511,18.030968,0.17628694,True
769,V,Swift,58712.417881,17.990265,0.18945429,True
770,V,Swift,58719.558858,17.565239,0.22343127,True
771,V,Swift,58724.338881,17.895567,0.16952622,True
772,V,Swift,58729.916147,18.236206,0.33871013,True
773,V,Swift,58734.43842,17.810152,0.1572174,True
774,V,Swift,58750.432195,18.025635,0.15668081,True
