,filter,instrument,mjd,magpsf,sigmamagpsf
0,r,P48+ZTF,58671.1915509,18.0690880305912,0.013596821025826999
1,i,P48+ZTF,59009.3165394,18.7494946816278,0.052637762204516
2,r,P48+ZTF,58694.208726900004,18.0781454398711,0.012873475155588999
3,r,P48+ZTF,58632.3015509,18.657524762577,0.024579249647471
4,r,P48+ZTF,58637.33469909999,18.519596430085898,0.015059379715235001
5,g,P48+ZTF,58675.3543056,18.3000168930721,0.016326547624598
6,g,P48+ZTF,58641.1954977,18.449110655494398,0.020005135466301005
7,i,P48+ZTF,58648.3070949,18.232062536877397,0.030550048390479
8,r,P48+ZTF,58700.1730556,18.0083035952341,0.010134910139413
9,i,P48+ZTF,58690.3285995,17.9654970740608,0.016258848440067
10,r,P48+ZTF,58638.310625,18.5292882457445,0.015371534110156
11,i,P48+ZTF,58703.16366900001,17.9051581850576,0.022341253792586002
12,g,P48+ZTF,58638.3525926,18.5861697648817,0.015148315223035
13,i,P48+ZTF,58710.232708300005,17.8401523757331,0.028532933888381004
14,g,P48+ZTF,58708.3500347,18.2224823520667,0.056678756289075
15,r,P48+ZTF,58660.247488400004,18.1332067091207,0.010745492806689001
16,r,P48+ZTF,58666.252963,18.1641771909523,0.012150525022614999
17,g,P48+ZTF,58734.1862153,18.517477597648,0.040550780908682
18,g,P48+ZTF,58666.2137153,18.278465614877998,0.010929676961226998
19,i,P48+ZTF,58644.2364699,18.3149134449757,0.028830961237357004
20,g,P48+ZTF,58696.2603819,18.2033732328152,0.011396215893350001
21,r,P48+ZTF,58618.336493099996,19.1442758005658,0.076425806181463
22,g,P48+ZTF,58666.21280090001,18.241319392991,0.011686799020631002
23,r,P48+ZTF,58628.3772454,18.7703770998475,0.024608688994931002
24,g,P48+ZTF,58711.1488079,18.1617855861007,0.023700161212735
25,g,P48+ZTF,58740.1215972,18.543692998545698,0.048514865103113
26,g,P48+ZTF,58758.1289468,18.733382347968604,0.028174802994617998
27,g,P48+ZTF,58684.21208330001,18.302018192730802,0.01438328699454
28,r,P48+ZTF,58608.4945255,20.489404249649898,0.133988117996359
29,r,P48+ZTF,58655.31682869999,18.3517285343462,0.034507590162507006
30,r,P48+ZTF,58606.3095255,20.5128237073623,0.14723807520931198
31,r,P48+ZTF,58651.35144680001,18.2887303087961,0.038627836340332
32,r,P48+ZTF,58646.246076400006,18.382566131979498,0.034132557534296
33,r,P48+ZTF,58650.29376159999,18.195347771635397,0.028689897580737003
34,r,P48+ZTF,58647.2551273,18.284912518232698,0.021626629259781996
35,g,P48+ZTF,58727.151076400005,18.346153005343698,0.013925340924489998
36,g,P48+ZTF,58781.11216440001,18.8522755927668,0.068362301389494
37,r,P48+ZTF,58682.28929400001,18.238851896003197,0.024945146420101
38,g,P48+ZTF,58654.2754745,18.3270098819939,0.029180529666001
39,r,P48+ZTF,58713.23614580001,18.034517395547,0.039305365917202996
40,g,P48+ZTF,58632.3375579,18.6331618740167,0.015597098186461001
41,i,P48+ZTF,59028.31464119999,18.8248379003263,0.040394455820226
42,r,P48+ZTF,58669.3165625,18.1287184883768,0.011736736202098
43,r,P48+ZTF,58781.09067130001,18.6560954274839,0.074690513179051
44,r,P48+ZTF,58635.3790972,18.5826660156935,0.013706049375777999
45,r,P48+ZTF,58681.2790278,18.126978985237802,0.026253414486318
46,i,P48+ZTF,58725.2294097,17.934222762865,0.018667375143345
47,r,P48+ZTF,58617.3586574,19.322881890442897,0.050480953273664
48,r,P48+ZTF,58612.4211574,19.708966950175398,0.038945158779013
49,r,P48+ZTF,58725.2375347,18.1707727854172,0.015587973102271002
50,r,P48+ZTF,58605.4013426,20.561078310813198,0.10671565122796198
51,r,P48+ZTF,58605.3794097,20.6739461245566,0.14010349527162302
52,i,P48+ZTF,59036.3256829,18.8472994813896,0.055838771559553
53,r,P48+ZTF,58632.27392359999,18.6479786169654,0.021732426049319
54,g,P48+ZTF,58737.129455999995,18.5926350112819,0.04562539309519201
55,r,P48+ZTF,59000.3339931,19.442131623120503,0.085053776960447
56,i,P48+ZTF,59001.3316898,18.631957839101897,0.032732110431318
57,g,P48+ZTF,58684.1913657,18.2754936315384,0.011602873645228997
58,r,P48+ZTF,58711.31094909999,18.056553487270698,0.031154033022731002
59,g,P48+ZTF,58745.1319097,18.6297512138223,0.019083379892606
60,r,P48+ZTF,58684.17289349999,18.100488497302102,0.012748726003455
61,g,P48+ZTF,58616.4556597,19.4180649805109,0.02781957312904
62,g,P48+ZTF,58703.1986458,18.188220987589897,0.020630277898253002
63,g,P48+ZTF,58742.1456829,18.5974130728885,0.047353902118422005
64,r,P48+ZTF,58697.15767359999,17.9880308767673,0.015410083619412
65,g,P48+ZTF,58635.4200694,18.6109842482432,0.014120492621738999
66,g,P48+ZTF,58691.3104745,18.260927462475102,0.011844267723483001
67,i,P48+ZTF,58679.2546528,18.011134659053,0.019648546659501
68,g,P48+ZTF,58616.46307869999,19.445194634594603,0.028876142703301005
69,r,P48+ZTF,58724.1643287,18.1392275191825,0.012027908570802
70,i,P48+ZTF,59080.247685199996,19.0487503683641,0.052911803409372994
71,r,P48+ZTF,58635.358125,18.578689290701,0.016317150390768
72,r,P48+ZTF,58607.3783449,20.1839808425895,0.073420739108563
73,i,P48+ZTF,59059.252731500004,19.0239355374928,0.05921650129204099
74,r,P48+ZTF,58714.1457407,18.0229121351024,0.014732002278826
75,g,P48+ZTF,58660.17302080001,18.2578836518794,0.025397509079165003
76,r,P48+ZTF,58644.3137153,18.3259354557058,0.016096112181893
77,g,P48+ZTF,58660.20342590001,18.3128925868172,0.011672117911146002
78,r,P48+ZTF,58641.29420140001,18.406621248078398,0.012727830220022
79,g,P48+ZTF,58599.25238430001,21.4641751988413,0.17245761018437603
80,r,P48+ZTF,58740.26398150001,18.400724555028102,0.07581567882165899
81,r,P48+ZTF,58641.33263890001,18.434329374249398,0.012702411674851002
82,r,P48+ZTF,58740.263078699994,18.3313106149996,0.065867470155617
83,g,P48+ZTF,58608.40317130001,20.1936138236146,0.069332711913599
84,g,P48+ZTF,58645.407963,18.340262397856698,0.012755791429825001
85,r,P48+ZTF,58638.288287,18.465033020685198,0.014105253887159998
86,r,P48+ZTF,58669.3280903,18.1371873228692,0.010460585474969999
87,r,P48+ZTF,58646.2513079,18.2994461051882,0.019036700485323
88,r,P48+ZTF,58644.29739580001,18.2715032816669,0.016287496783241002
89,i,P48+ZTF,59053.2529051,18.8538188605086,0.032208322985988996
90,r,P48+ZTF,58608.3591319,20.0402124485418,0.092534056636458
91,g,P48+ZTF,58727.14925930001,18.412095857031897,0.016760115176968
92,g,P48+ZTF,58647.3385995,18.3399996061093,0.023510032844297996
93,i,P48+ZTF,59041.17126159999,18.8643406977954,0.048490373246502
94,i,P48+ZTF,58675.2184954,17.977391468661,0.019153187172174
95,i,P48+ZTF,58719.163125,17.9506739369216,0.018249078586983998
96,g,P48+ZTF,58643.4266782,18.4806905747024,0.018244955468801997
97,g,P48+ZTF,58637.2663079,18.5609861016808,0.014820036560883999
98,g,P48+ZTF,58638.3517014,18.5284467119217,0.014589508129166002
99,r,P48+ZTF,58645.314606500004,18.316052745638,0.018374560380908
100,r,P48+ZTF,58678.21329859999,18.1440888764138,0.020730627759105
101,r,P48+ZTF,58605.400428199995,20.509311385394103,0.10244355547072802
102,i,P48+ZTF,59045.3078241,18.8706688060302,0.038392747303381006
103,i,P48+ZTF,58633.2830556,18.5712675146048,0.034517118179444
104,g,P48+ZTF,58643.333287,18.440905559344397,0.015741852031428
105,g,P48+ZTF,58741.130208300005,18.540678735757197,0.035372809026433
106,i,P48+ZTF,59015.372580999996,18.7908711766807,0.031047566889927002
107,r,P48+ZTF,58663.31723380001,18.143567869277398,0.013062018615118
108,g,P48+ZTF,58658.21689809999,18.2860854539368,0.012636982919174
109,r,P48+ZTF,58663.3039005,18.103553300134,0.010975647672821
110,r,P48+ZTF,58795.0777431,18.5236440896718,0.05114609821437201
111,g,P48+ZTF,58646.3185301,18.368161531939602,0.025756700543178
112,g,P48+ZTF,58657.2373727,18.3043636454431,0.0134555271035
113,g,P48+ZTF,58733.169351900004,18.473058720238896,0.026550029822446
114,i,P48+ZTF,58616.31910880001,19.3414065707707,0.063880518652094
115,i,P48+ZTF,58751.1200347,18.193515954278,0.032491640584044
116,g,P48+ZTF,58641.21123840001,18.533634322915198,0.020592935761118
117,g,P48+ZTF,58647.3695602,18.3975275102898,0.026396527620148998
118,g,P48+ZTF,58718.1508796,18.3032397750985,0.014949124672063
119,g,P48+ZTF,58665.213252300004,18.2859283557162,0.011390181326329999
120,g,P48+ZTF,58705.25407409999,18.114283287262896,0.020064231682496003
121,g,P48+ZTF,58691.227523099995,18.2320287424395,0.010967142686883001
122,g,P48+ZTF,58666.2345949,18.3078728017739,0.012372553939251001
123,g,P48+ZTF,58709.169976900004,18.2084200983032,0.024777532533372004
124,g,P48+ZTF,58657.2350694,18.3059935243841,0.013664527059685
125,g,P48+ZTF,58681.185601900004,18.2253938663148,0.031738751588221994
126,r,P48+ZTF,58775.102604199994,18.5002303813793,0.024103693232916
127,g,P48+ZTF,58727.170277799996,18.423329876784,0.015275421347161
128,g,P48+ZTF,58639.2565046,18.4730790407999,0.01465854902532
129,g,P48+ZTF,58697.2069676,18.2072903997461,0.011282750046428999
130,r,P48+ZTF,58666.2538542,18.1893486024027,0.012186928780736002
131,r,P48+ZTF,58654.212326400004,18.212375481526898,0.013560370799453
132,i,P48+ZTF,58652.256423599996,18.1928010010693,0.03545752393197
133,r,P48+ZTF,58642.24497690001,18.3599665246227,0.013496334940109
134,r,P48+ZTF,58657.3823495,18.231438939933398,0.020085506501845
135,r,P48+ZTF,58761.120011599996,18.5042384203607,0.025793255876078
136,i,P48+ZTF,58640.29802080001,18.356660735501897,0.023118290549215
137,r,P48+ZTF,58663.30251159999,18.1637103924375,0.012884367445411002
138,i,P48+ZTF,58663.1844676,18.0807406807619,0.022343659653773
139,g,P48+ZTF,58600.39875,21.1410806069293,0.143374553696419
140,g,P48+ZTF,58764.1999769,18.6637674741285,0.068055514034497
141,i,P48+ZTF,58986.333912,18.585940386675603,0.026040142827134
142,g,P48+ZTF,58640.33502309999,18.4616263455251,0.011696075266318998
143,i,P48+ZTF,59093.2382407,19.0616131593262,0.075164992152396
144,g,P48+ZTF,58632.425138900006,18.6581162722429,0.019148288798179
145,g,P48+ZTF,58618.44123840001,19.0865459373828,0.154032500088044
146,g,P48+ZTF,58732.169143499996,18.500563338444103,0.025002822676226003
147,r,P48+ZTF,58646.276713,18.3307030090044,0.023907531935878
148,i,P48+ZTF,59072.259791699995,18.8975110706568,0.039617454685181
149,g,P48+ZTF,58708.151678199996,18.115257204673604,0.026714787753411
150,g,P48+ZTF,58685.16888890001,18.2569954545286,0.017143081891873
151,r,P48+ZTF,58657.3428588,18.2382663409072,0.016323921030139
152,g,P48+ZTF,58747.13054400001,18.6378140033455,0.021911077632142
153,r,P48+ZTF,58675.23285880001,18.0981965967181,0.016362518367052
154,g,P48+ZTF,58690.1909954,18.243435111777,0.011948655329853
155,g,P48+ZTF,58733.208703699995,18.4986469355038,0.030570449066127003
156,i,P48+ZTF,59049.26747690001,18.8249238845468,0.028351448543557003
157,r,P48+ZTF,58618.233912,19.4939354138605,0.09317679136742699
158,r,P48+ZTF,58605.41973380001,20.643949181082398,0.15729834542860902
159,g,P48+ZTF,58616.484386599994,19.4046478132618,0.044380495250966
160,g,P48+ZTF,58637.4413426,18.518010330284103,0.014512913737578001
161,g,P48+ZTF,58638.3578819,18.5381483142538,0.013941946751056002
162,g,P48+ZTF,58775.1121528,18.7400065009892,0.028192615966104
163,g,P48+ZTF,58697.2055556,18.220637749423197,0.011690001748613999
164,r,P48+ZTF,58644.2964352,18.3642710635823,0.020756751815038003
165,r,P48+ZTF,58657.343773099994,18.157704495186398,0.018145354409238
166,i,P48+ZTF,59084.2153472,19.060281616067897,0.06496096371890099
167,g,P48+ZTF,58739.1212269,18.556176530916396,0.052383616325053006
168,g,P48+ZTF,58667.3191319,18.2798758439076,0.011631564187792
169,r,P48+ZTF,58700.17401619999,18.0184281929209,0.011353158434557
170,g,P48+ZTF,58708.17195599999,18.2310247591864,0.024658295075338
171,r,P48+ZTF,58642.2783102,18.3892369781968,0.013089988680725
172,g,P48+ZTF,58640.3577546,18.471174757964803,0.014166874422264
173,g,P48+ZTF,58617.44291669999,19.398528121644798,0.027513362859606004
174,g,P48+ZTF,58681.2098727,18.2682429396375,0.03446929956871601
175,g,P48+ZTF,58645.248425900005,18.3670517753493,0.021398676284158997
176,g,P48+ZTF,58632.3366551,18.6436420848975,0.015585618271668999
177,i,P48+ZTF,58962.433287,18.585921240758,0.037750671335692
178,g,P48+ZTF,58690.276330999994,18.229348017038102,0.011308999042110999
179,i,P48+ZTF,59019.2974074,18.8689965786702,0.036543280436455
180,r,P48+ZTF,58628.37633099999,18.7342943004442,0.023784759167726002
181,i,P48+ZTF,59032.2722222,18.8299108436347,0.04319422939231
182,r,P48+ZTF,58697.1680324,18.0268562706271,0.010969267462685
183,g,P48+ZTF,58675.297164400006,18.2305380181757,0.019929459760341
184,r,P48+ZTF,58639.2975,18.451408851485898,0.017073425045983998
185,g,P48+ZTF,58743.1448727,18.5987239074846,0.021594255140052
186,g,P48+ZTF,58675.3100579,18.294388017452,0.020267951972972
187,r,P48+ZTF,58637.315705999994,18.5079391006105,0.016372629182016
188,g,P48+ZTF,58674.1918519,18.245562075905603,0.017659799763845
189,r,P48+ZTF,58612.4616551,19.803691067039498,0.042755487143665005
190,g,P48+ZTF,58647.2163773,18.3696863104871,0.028046229842518
191,g,P48+ZTF,58600.39372690001,21.3414083254062,0.18277560442901503
192,r,P48+ZTF,58653.225289400005,18.1872605368521,0.022453463912965
193,r,P48+ZTF,58711.2843171,18.090241451563898,0.028622359372918002
194,i,P48+ZTF,58976.4196528,18.6184067872324,0.061931383772277006
195,g,P48+ZTF,58699.2025926,18.2227390220701,0.011781106679259
196,r,P48+ZTF,58672.2290625,18.166790033217,0.01322719097703
197,g,P48+ZTF,58750.1359606,18.634331972229102,0.03102631076177
198,r,P48+ZTF,58677.236169,18.221317532646,0.025092304288292004
199,r,P48+ZTF,58674.228460599996,18.1630724619024,0.017720399593586
200,r,P48+ZTF,58792.1100694,18.5386632432876,0.058862761741294005
201,g,P48+ZTF,58616.4565741,19.4333909385548,0.030832559279692
202,r,P48+ZTF,58674.2112037,18.1715354770343,0.021613202317651004
203,g,P48+ZTF,58693.237013900005,18.237259807244197,0.014472584723099
204,r,P48+ZTF,58641.3335995,18.3943781245229,0.011407746787872
205,r,P48+ZTF,58732.2116898,18.233521143572897,0.027741176855806002
206,g,P48+ZTF,58686.28563659999,18.2828448924922,0.016319366610231003
207,i,P48+ZTF,59024.31988430001,18.7460199372943,0.044860077474025005
208,g,P48+ZTF,58639.4554977,18.4864094175143,0.012697173257281
209,r,P48+ZTF,58661.3060995,18.1670471767743,0.012375768275955
210,r,P48+ZTF,58616.377106500004,19.3508019632495,0.036844495679115
211,g,P48+ZTF,58711.2402199,18.255313741756698,0.028346345898656002
212,r,P48+ZTF,58600.46958330001,21.1374673818985,0.166112300640484
213,i,P48+ZTF,58671.18214119999,17.977387731092698,0.018687381323453
214,r,P48+ZTF,58608.3406019,20.0695524602072,0.11170339491565302
215,r,P48+ZTF,58644.2768056,18.3053970125113,0.015964590600888
216,g,P48+ZTF,58685.2061921,18.280589531386898,0.012273645968898999
217,g,P48+ZTF,58632.4390046,18.7573993044963,0.023791789588901
218,i,P48+ZTF,59076.227291699994,18.889988799136,0.039659953908484
219,r,P48+ZTF,58675.2452778,18.1559053591401,0.018037921312119
220,r,P48+ZTF,58668.3209722,18.140979942675898,0.012211104855613001
221,g,P48+ZTF,58716.264641199996,18.2639999559477,0.029906749908042998
222,r,P48+ZTF,58632.30057869999,18.6799012358973,0.021739860625333
223,r,P48+ZTF,58634.3540625,18.653440004814602,0.017745449426374998
224,i,P48+ZTF,58636.29833330001,18.477622632269398,0.026097751420051003
225,g,P48+ZTF,58712.1475463,18.228367303722397,0.020015443713198997
226,r,P48+ZTF,58617.3378704,19.1984335255116,0.042395608581534
227,g,P48+ZTF,58694.2278125,18.244724986412802,0.011197850243802
228,r,P48+ZTF,58643.29480319999,18.348554511551498,0.019901198996695
229,r,P48+ZTF,58642.271111099995,18.4171272558733,0.01355657894116
230,g,P48+ZTF,58740.145705999996,18.528877795828603,0.04732429025519901
231,g,P48+ZTF,58650.2134028,18.334843938701397,0.038469412482151
232,g,P48+ZTF,58743.1219097,18.5562316032703,0.023855120016354998
233,g,P48+ZTF,58741.1218519,18.5726559335644,0.034636004157363
234,g,P48+ZTF,58608.31751159999,20.1918295624513,0.087119819084955
235,g,P48+ZTF,58672.3310069,18.3007656555387,0.011133186731365
236,i,P48+ZTF,58980.37601849999,18.640342700549102,0.041898149048624996
237,r,P48+ZTF,58681.2686806,18.1116567865185,0.026885799012933
238,r,P48+ZTF,58635.2856944,18.574868638932,0.013874798603521001
239,g,P48+ZTF,58732.1479745,18.4995375753058,0.024854460405834996
240,g,P48+ZTF,58607.4359954,20.260706710481898,0.0626808308153
241,g,P48+ZTF,58718.1753241,18.259809243743,0.012723617045735
242,g,P48+ZTF,58729.13332180001,18.4900950292939,0.079965575080658
243,r,P48+ZTF,58617.3178704,19.2296751752466,0.042093357973591004
244,g,P48+ZTF,58644.2139931,18.4373087462209,0.018800451582792
245,r,P48+ZTF,58608.3577431,19.9804127094561,0.10102643327456402
246,g,P48+ZTF,58725.1723264,18.3941620096483,0.020792109243709
247,g,P48+ZTF,58785.11501159999,18.756471385671002,0.039370918735312996
248,r,P48+ZTF,58661.3159028,18.2084489198229,0.012230865388316999
249,r,P48+ZTF,58638.2892014,18.475708200478397,0.015587161058508001
250,i,P48+ZTF,58627.453912,18.848939856623897,0.038525194694617994
251,r,P48+ZTF,58742.120451400006,18.206822136995303,0.041640762813162
252,g,P48+ZTF,58795.10979169999,18.768262679189398,0.08654799288000702
253,g,P48+ZTF,58738.1211806,18.5750126303697,0.057784088643837
254,r,P48+ZTF,58632.33052080001,18.666778181242897,0.021132392743139997
255,i,P48+ZTF,58747.1125694,18.1073002849148,0.056933594010201
256,r,P48+ZTF,58608.379571800004,20.192786800817,0.154460602652167
257,g,P48+ZTF,58724.1846528,18.3800702983524,0.012679244784396998
258,r,P48+ZTF,58639.3164583,18.4265851729888,0.019569335728638
259,g,P48+ZTF,58714.149838,18.2318579037727,0.018617597785455003
260,r,P48+ZTF,58655.2106597,18.2945136445183,0.020026325832669
261,g,P48+ZTF,58635.4209838,18.5886380847353,0.013315259323633002
262,g,P48+ZTF,58718.267210599995,18.2522687283554,0.013714994654381
263,r,P48+ZTF,58702.1704051,18.0683910698139,0.079289499425644
264,r,P48+ZTF,58619.3503935,19.1587712003273,0.10455065992834699
265,g,P48+ZTF,58682.1926852,18.2981659508797,0.024225742356082002
266,g,P48+ZTF,58685.291412,18.2443397049521,0.01883976669646
267,r,P48+ZTF,58628.35960650001,18.7583367630072,0.024047225405463
268,r,P48+ZTF,58654.35854169999,18.2789472850248,0.026980685482547995
269,g,P48+ZTF,58778.1221644,18.803215520231102,0.040766121795067
270,g,P48+ZTF,58737.1303819,18.559186272145602,0.039265717305208
271,g,P48+ZTF,58684.2111806,18.2977384159427,0.013867595381219
272,i,P48+ZTF,58997.3164583,18.6197247346215,0.03009481944109
273,g,P48+ZTF,58686.2085648,18.249274550735397,0.010496929925034
274,r,P48+ZTF,58607.36155090001,20.1463187595633,0.062394250569195
275,i,P48+ZTF,58971.4614815,18.6642851394753,0.031059408324391004
276,r,P48+ZTF,58672.2065278,18.1402797163148,0.013010457038406
277,r,P48+ZTF,58618.3566898,19.250863638837398,0.054436323884411
278,g,P48+ZTF,58698.193113400004,18.192280753299197,0.016036846287543
279,i,P48+ZTF,58733.145173599994,18.0389857644243,0.020305522798341
280,g,P48+ZTF,58605.48425930001,20.4248741701052,0.10180205805442
281,g,P48+ZTF,58732.1433449,18.4333402870811,0.022779099887689
282,r,P48+ZTF,58685.32341440001,18.108867038515502,0.016753560023807
283,g,P48+ZTF,58654.297916699994,18.309766754717103,0.032917556934755
284,r,P48+ZTF,58670.3125926,18.1738533939972,0.012027443098245
285,r,P48+ZTF,58698.1588773,18.0722261795877,0.0370940589389
286,g,P48+ZTF,58670.282338,18.3025961743937,0.012146220502495001
287,r,P48+ZTF,58647.2741319,18.2776783976988,0.023951811543391002
288,r,P48+ZTF,58627.3956019,18.758213711682,0.025466495471503
289,r,P48+ZTF,58691.1911343,18.0816444259701,0.011743757612033003
290,g,P48+ZTF,58728.1513079,18.449968825536804,0.015597371135664
291,g,P48+ZTF,58798.099247699996,18.8757757905279,0.127881095640749
292,g,P48+ZTF,58641.2121528,18.469652927665,0.017898999595581003
293,g,P48+ZTF,58635.4428125,18.610593266542,0.015301147208114
294,g,P48+ZTF,58647.37048609999,18.3389212750112,0.022400390397012998
295,g,P48+ZTF,58643.353287,18.463089263251604,0.014934690985475
296,g,P48+ZTF,58708.1728819,18.144450215576104,0.026221469295468997
297,g,P48+ZTF,58608.402268499995,20.243847573666603,0.084907338811121
298,g,P48+ZTF,58681.1906944,18.292590839417,0.036956056842394995
299,g,P48+ZTF,58681.186539400005,18.3207416254909,0.034768364061329
300,r,P48+ZTF,58696.3477778,18.0695663998717,0.013588494589818001
301,g,P48+ZTF,58639.431354199995,18.4958763177913,0.012868072399985001
302,r,P48+ZTF,58737.186828699996,18.332271643183397,0.036476411249681
303,i,P48+ZTF,58685.305648099995,17.9397334625234,0.020322410807055998
304,g,P48+ZTF,58607.4166204,20.3071811423881,0.069980608871082
305,r,P48+ZTF,58643.25576390001,18.3455629179219,0.01625422241258
306,g,P48+ZTF,58771.11017359999,18.7153766581937,0.057252112732705
307,r,P48+ZTF,58647.275034700004,18.2556814153722,0.020185720936081
308,g,P48+ZTF,58674.3544676,18.2689281053403,0.012652105691576
309,g,P48+ZTF,58713.227916699994,18.5437541442331,0.18618014298848604
310,g,P48+ZTF,58734.1871296,18.583935949350103,0.04305146335378201
311,r,P48+ZTF,58643.2781019,18.341398579043698,0.01801593462059
312,g,P48+ZTF,58672.3012847,18.2785191752314,0.009950512814951
313,g,P48+ZTF,58600.399710599995,21.407271179221603,0.183018218899339
314,g,P48+ZTF,58712.190393499994,18.1968875168768,0.02801380009141
315,g,P48+ZTF,58673.31939809999,18.278342096142897,0.012081064479005
316,g,P48+ZTF,58644.3404167,18.384715319111102,0.014283189949927
317,r,P48+ZTF,58728.205162,18.1471189658477,0.015318206578857
318,i,P48+ZTF,59067.23210650001,19.027137720549298,0.051278558861180004
319,r,P48+ZTF,58655.1927546,18.245839331984197,0.016468523037486
320,g,P48+ZTF,58644.341330999996,18.3698144012255,0.014701941809566998
321,g,P48+ZTF,58671.2839005,18.2787630787698,0.012585141733241002
322,g,P48+ZTF,58711.221053199995,18.208814420403602,0.02532358552418
323,r,P48+ZTF,58703.1685532,18.1491941185322,0.031058114973675
324,g,P48+ZTF,58618.4196181,19.0902815379006,0.09212252311922801
325,g,P48+ZTF,58678.2869676,18.359858611294104,0.033283029612294
326,g,P48+ZTF,58693.28804400001,18.2436364215989,0.013510536623199
327,g,P48+ZTF,58743.120451400006,18.5815520768247,0.026114462855426002
328,g,P48+ZTF,58635.475162,18.5729396585764,0.028092625898379
329,g,P48+ZTF,58716.185509300005,18.2607277208478,0.012337067722812
330,g,P48+ZTF,58740.1226273,18.4804361136248,0.041513660306313996
331,g,P48+ZTF,58655.272789400005,18.363130335138603,0.036036760063076004
332,g,P48+ZTF,58789.125324099994,18.9012514636891,0.08872473417194801
333,r,P48+ZTF,58695.23377309999,18.197126173506998,0.014431003394102
334,i,P48+ZTF,58953.460069400004,18.545305728272897,0.045221922189424
335,g,P48+ZTF,58734.208588,18.5103222071501,0.038582235140391996
336,g,P48+ZTF,58712.17310190001,18.2333407606856,0.022746425843537
337,r,P48+ZTF,58682.282291699994,18.1000097214431,0.018051221288841
338,r,P48+ZTF,58733.248020800005,18.2796769870825,0.029505210370589
339,g,P48+ZTF,58641.2345023,18.3653219352983,0.030180217402852996
340,i,P48+ZTF,59063.2108102,18.955637005323897,0.056369871343052005
341,i,P48+ZTF,58667.18030090001,18.0786685001892,0.021755996705262
342,g,P48+ZTF,58699.180787,18.1802606000843,0.013343655209930002
343,g,P48+ZTF,58617.420196800005,19.303510841793,0.035292003288856004
344,g,P48+ZTF,58738.1336574,18.518684471948898,0.040684830476781
345,i,P48+ZTF,58966.4845023,18.5225017211443,0.024635809817332002
346,r,P48+ZTF,58640.255393499996,18.3947508361695,0.014830996618863002
347,i,P48+ZTF,58991.3358681,18.6210823221445,0.037911401802175004
348,r,P48+ZTF,58646.3086574,18.263993621768698,0.036638925178219
349,g,P48+ZTF,58682.1877662,18.2880136517169,0.020669098641423002
350,g,P48+ZTF,58642.4169444,18.445896305814102,0.011142690201972002
351,i,P48+ZTF,59088.1908796,18.9741552452085,0.06493425361591401
352,g,P48+ZTF,58725.16570599999,18.3724210136864,0.024275876444151002
353,i,P48+ZTF,58659.1799653,18.1637860766175,0.025385989723502003
354,g,P48+ZTF,58673.3099306,18.3069920811756,0.013542038054956998
355,g,P48+ZTF,58682.2109954,18.306638836569,0.024018475371407
356,r,P48+ZTF,58709.2565972,18.011304673813,0.021479977547032
357,r,P48+ZTF,58654.35063659999,18.2897893342782,0.030310392196527
358,r,P48+ZTF,58640.279884300006,18.4030726156953,0.013700927460892
359,r,P48+ZTF,58678.23017359999,18.1626502287606,0.02296264909149
360,r,P48+ZTF,58728.2348495,18.3013324621313,0.021946606064944002
361,g,P48+ZTF,58700.25699069999,18.1963980902763,0.013166903654770001
362,g,P48+ZTF,58617.4154398,19.380319577957398,0.041107483625452995
363,r,P48+ZTF,59001.2934028,19.2848809224395,0.017261569233363
364,r,P48+ZTF,58616.3966204,19.3666089011618,0.032317375284835
365,g,P48+ZTF,58718.174398099996,18.254963108297602,0.012049229800918002
366,r,P48+ZTF,58638.268171300006,18.4901921186013,0.014576722611418999
367,r,P48+ZTF,58654.3430324,18.2462245721003,0.022904352034525
368,r,P48+ZTF,58686.3058796,18.120933598305303,0.015563915034222999
369,r,P48+ZTF,58691.186851900005,18.106311974862198,0.010845268304975
370,r,P48+ZTF,58633.35364580001,18.6555817220729,0.018890138123576
371,r,P48+ZTF,58635.28660880001,18.5256392659251,0.013492869288196001
372,UVW1,Swift,58659.7886999999,18.72,0.08
373,U,Swift,58659.7906999998,18.31,0.09
374,B,Swift,58659.7916999999,18.15,0.12
375,UVW2,Swift,58659.792899999804,19.09,0.08
376,UVW2,Swift,58659.794600000096,19.08,0.08
377,V,Swift,58659.7974999999,17.86,0.19
378,UVM2,Swift,58659.8018,19.02,0.07
379,UVW1,Swift,58672.4528000001,18.88,0.09
380,U,Swift,58672.45379999981,18.44,0.09
381,B,Swift,58672.4542999999,18.31,0.12
382,UVW2,Swift,58672.45550000019,19.48,0.09
383,V,Swift,58672.4569999999,17.75,0.16
384,UVM2,Swift,58672.4589,19.28,0.07
385,UVW1,Swift,58678.267299999905,19.11,0.11
386,U,Swift,58678.2681,18.5,0.11
387,B,Swift,58678.2686000001,17.9,0.11
388,UVW2,Swift,58678.2697999999,19.48,0.1
389,V,Swift,58678.2710000002,17.8,0.19
390,UVM2,Swift,58678.272799999904,19.45,0.09
391,B,Swift,58688.41000000019,18.09,0.18
392,UVW2,Swift,58688.4114000001,19.26,0.12
393,V,Swift,58688.4128000001,17.94,0.28
394,UVM2,Swift,58688.414799999904,19.26,0.12
395,UVW1,Swift,58688.4748,19.61,0.15
396,U,Swift,58688.475699999806,19.21,0.18
397,UVW1,Swift,58693.68759999981,18.7,0.07
398,U,Swift,58693.6894,18.5,0.09
399,B,Swift,58693.6900999998,18.05,0.1
400,UVW2,Swift,58693.6913999999,19.3,0.07
401,V,Swift,58693.6941,17.76,0.15
402,UVM2,Swift,58693.6957,19.09,0.07
403,UVW1,Swift,58705.7481,18.73,0.1
404,U,Swift,58705.7497,18.38,0.11
405,B,Swift,58705.7505000001,17.98,0.12
406,UVW2,Swift,58705.7527999999,19.29,0.09
407,V,Swift,58705.7552,17.64,0.18
408,UVM2,Swift,58705.7587000001,19.14,0.08
409,UVW1,Swift,58712.4134,18.88,0.1
410,U,Swift,58712.41429999981,18.61,0.14
411,B,Swift,58712.414799999904,18.48,0.2
412,UVW2,Swift,58712.4164999998,19.37,0.09
413,V,Swift,58712.4177999999,17.89,0.2
414,UVM2,Swift,58712.419999999904,19.16,0.08
415,B,Swift,58659.79178099999,18.242603,0.11717013
416,B,Swift,58672.454372,18.29212,0.1131583
417,B,Swift,58678.268665999996,17.971829999999997,0.11200022
418,B,Swift,58683.763028999994,18.16819,0.18873303
419,B,Swift,58688.410061,18.263262,0.17922793
420,B,Swift,58693.690179,18.167279999999998,0.10298708
421,B,Swift,58705.750576,18.100149,0.12102044
422,B,Swift,58707.273271000005,18.104937,0.10719431
423,B,Swift,58712.414917999995,18.425857999999998,0.16117795
424,B,Swift,58719.556617999995,18.121798000000002,0.18195246
425,B,Swift,58724.335726,18.095732,0.1223539
426,B,Swift,58729.581161,18.315672,0.20068169
427,B,Swift,58734.432284,18.192970000000003,0.11346459
428,B,Swift,58750.42963200001,18.375969,0.12289985
429,UVM2,Swift,58659.801861,19.065607,0.08681594599999999
430,UVM2,Swift,58672.459023,19.343756,0.087666035
431,UVM2,Swift,58678.272927,19.535785999999998,0.10288633
432,UVM2,Swift,58683.76632,19.206392,0.15220675
433,UVM2,Swift,58688.414939999995,19.304686,0.12701605
434,UVM2,Swift,58693.695769000005,19.136242000000003,0.081027955
435,UVM2,Swift,58705.758760000004,19.18705,0.097072586
436,UVM2,Swift,58707.28413099999,19.236713,0.088830806
437,UVM2,Swift,58712.420124000004,19.216601999999998,0.09457153800000001
438,UVM2,Swift,58719.560444,19.238426,0.13741647
439,UVM2,Swift,58724.341094,19.400576,0.092904948
440,UVM2,Swift,58729.918265,19.488274,0.13305801
441,UVM2,Swift,58734.443096,19.562826,0.09942431
442,UVM2,Swift,58750.434259,19.647606,0.084877223
443,UVM2,Swift,59007.690095000005,20.32732,0.15164712
444,UVW1,Swift,58659.788801,18.750013,0.09662414300000001
445,UVW1,Swift,58672.452852999995,18.91057,0.096822955
446,UVW1,Swift,58678.267365,19.13899,0.12141421
447,UVW1,Swift,58683.83098099999,18.927661999999998,0.10437633
448,UVW1,Swift,58688.408578999995,18.996994,0.15004952
449,UVW1,Swift,58693.687754,18.737217,0.08664947699999999
450,UVW1,Swift,58705.748187,18.700976999999998,0.10347875
451,UVW1,Swift,58707.270101,18.789179,0.09617120800000001
452,UVW1,Swift,58712.413475,18.931499,0.10842649
453,UVW1,Swift,58719.55545299999,19.095551,0.17199579999999998
454,UVW1,Swift,58724.334074,19.18919,0.11770212
455,UVW1,Swift,58729.579565,19.224297,0.12369327
456,UVW1,Swift,58734.429166999995,19.202446,0.12010989
457,UVW1,Swift,58750.428347,19.229052,0.09904937400000001
458,UVW1,Swift,59007.690095000005,20.051571,0.14463167
459,UVW2,Swift,58659.794713,19.108751,0.09379267699999999
460,UVW2,Swift,58672.45559,19.486481,0.10134917
461,UVW2,Swift,58678.269873000005,19.655743,0.12122616
462,UVW2,Swift,58683.76405700001,19.502901,0.16543466
463,UVW2,Swift,58688.411506,19.327896,0.13354847
464,UVW2,Swift,58693.691472000006,19.354584,0.09214019
465,UVW2,Swift,58705.752935000004,19.335875,0.10957572
466,UVW2,Swift,58707.276396,19.343969,0.09933345800000001
467,UVW2,Swift,58712.416553999996,19.434927,0.10580643
468,UVW2,Swift,58719.557744000005,19.659048000000002,0.17177425
469,UVW2,Swift,58724.337263,19.374479,0.101391
470,UVW2,Swift,58729.914907000006,19.694052,0.16817872
471,UVW2,Swift,58734.435355999994,19.791573,0.11743566
472,UVW2,Swift,58750.431,19.862637,0.10306040000000001
473,UVW2,Swift,59007.690095000005,20.336237,0.11962118
474,U,Swift,58659.79076900001,18.325232,0.097748637
475,U,Swift,58672.453876,18.526505,0.10001575
476,U,Swift,58678.268222000006,18.555342,0.11753001
477,U,Swift,58683.76265599999,18.638399,0.18535799
478,U,Swift,58688.409546,18.42461,0.14733407
479,U,Swift,58693.689475,18.514758999999998,0.095200911
480,U,Swift,58705.749763,18.391745,0.11087659
481,U,Swift,58707.272195000005,18.416176,0.099212125
482,U,Swift,58712.41439500001,18.559835,0.12345038
483,U,Swift,58719.55621,18.223999,0.14840581
484,U,Swift,58724.335168,18.43228,0.11010879
485,U,Swift,58729.580637,18.692541000000002,0.13048047
486,U,Swift,58734.431226,18.488216,0.10414004
487,U,Swift,58750.429169,18.699741,0.10508538
488,U,Swift,59007.690095000005,19.535429,0.12017627
489,V,Swift,58659.797638,17.896245999999998,0.1689634
490,V,Swift,58672.457141,18.104001999999998,0.17872331
491,V,Swift,58678.271147,18.019234,0.20007767
492,V,Swift,58683.765071,18.002487,0.30967346
493,V,Swift,58688.412937,18.117838,0.27170774
494,V,Swift,58693.694219000005,17.826971,0.14086673
495,V,Swift,58705.755286,17.72427,0.17136867
496,V,Swift,58707.279511,18.030967999999998,0.17628694
497,V,Swift,58712.417880999994,17.990265,0.18945429
498,V,Swift,58719.558858000004,17.565239000000002,0.22343127
499,V,Swift,58724.338880999996,17.895567,0.16952622
500,V,Swift,58729.916147,18.236206,0.33871013
501,V,Swift,58734.438420000006,17.810152,0.1572174
502,V,Swift,58750.432195,18.025635,0.15668081
503,J,P200,59032.0,17.51,0.2
504,H,P200,59032.0,16.45,0.2
505,Ks,P200,59032.0,15.33,0.2
